tenant,chain,chain_code,pilot_scope,canonical_product_id,item,upc,description,objective,unit,period,value,is_observed_zero,is_missing,close_status,source_file,source_sheet,source_row,source_cell,record_hash,selection_rule
Towell,Walmart,WM,FENDI BD / familia FENDI en Walmart,7501897813122,101285353,7501897813122,TOALLA MB FENDI CHOCOLATE,Pedido,eaches/piezas (provisional por encabezado; confirmar unidad oficial),2024-01,0.0,True,False,no documentado en fuente,Estadistica Venta Resurtible WM 2024 Dic 2024.xlsx,Base,111,I111,026dd6b152cc4c485bc4284ab85acdc8f77cd02691038067942654118aca2595,2024=Base del cierre 2024; 2025-2026=BAASE del cierre julio 2026; solo Walmart + familia FENDI.
Towell,Walmart,WM,FENDI BD / familia FENDI en Walmart,7501897813122,101285353,7501897813122,TOALLA MB FENDI CHOCOLATE,Pedido,eaches/piezas (provisional por encabezado; confirmar unidad oficial),2024-02,0.0,True,False,no documentado en fuente,Estadistica Venta Resurtible WM 2024 Dic 2024.xlsx,Base,111,N111,3f03088a411e51fa82c8a9723104dbe43940d672032d452d34c9d1e1bedb7564,2024=Base del cierre 2024; 2025-2026=BAASE del cierre julio 2026; solo Walmart + familia FENDI.
Towell,Walmart,WM,FENDI BD / familia FENDI en Walmart,7501897813122,101285353,7501897813122,TOALLA MB FENDI CHOCOLATE,Pedido,eaches/piezas (provisional por encabezado; confirmar unidad oficial),2024-03,0.0,True,False,no documentado en fuente,Estadistica Venta Resurtible WM 2024 Dic 2024.xlsx,Base,111,S111,c6da7823c4bdf960560cc188c266b93c91244a071b2c3387451a0bd8d13f24a2,2024=Base del cierre 2024; 2025-2026=BAASE del cierre julio 2026; solo Walmart + familia FENDI.
Towell,Walmart,WM,FENDI BD / familia FENDI en Walmart,7501897813122,101285353,7501897813122,TOALLA MB FENDI CHOCOLATE,Pedido,eaches/piezas (provisional por encabezado; confirmar unidad oficial),2024-04,0.0,True,False,no documentado en fuente,Estadistica Venta Resurtible WM 2024 Dic 2024.xlsx,Base,111,X111,470e62ec6397104c5f7daafe9b8f84394c6166e5529cd6ec11f442841555a6c0,2024=Base del cierre 2024; 2025-2026=BAASE del cierre julio 2026; solo Walmart + familia FENDI.
Towell,Walmart,WM,FENDI BD / familia FENDI en Walmart,7501897813122,101285353,7501897813122,TOALLA MB FENDI CHOCOLATE,Pedido,eaches/piezas (provisional por encabezado; confirmar unidad oficial),2024-05,0.0,True,False,no documentado en fuente,Estadistica Venta Resurtible WM 2024 Dic 2024.xlsx,Base,111,AC111,74349aad5d6a3f36e305dfbf05622aa0694045ce1e8b7c33146cb3895c59cd2b,2024=Base del cierre 2024; 2025-2026=BAASE del cierre julio 2026; solo Walmart + familia FENDI.
Towell,Walmart,WM,FENDI BD / familia FENDI en Walmart,7501897813122,101285353,7501897813122,TOALLA MB FENDI CHOCOLATE,Pedido,eaches/piezas (provisional por encabezado; confirmar unidad oficial),2024-06,0.0,True,False,no documentado en fuente,Estadistica Venta Resurtible WM 2024 Dic 2024.xlsx,Base,111,AH111,36b44b3ac1f4cd9e3ce325c91b1a0457182bc360a9c75c9803627d432f1edeca,2024=Base del cierre 2024; 2025-2026=BAASE del cierre julio 2026; solo Walmart + familia FENDI.
Towell,Walmart,WM,FENDI BD / familia FENDI en Walmart,7501897813122,101285353,7501897813122,TOALLA MB FENDI CHOCOLATE,Pedido,eaches/piezas (provisional por encabezado; confirmar unidad oficial),2024-07,0.0,True,False,no documentado en fuente,Estadistica Venta Resurtible WM 2024 Dic 2024.xlsx,Base,111,AM111,ea39a7ba01845395b696da5fc3cd0390e2b8fb8ea0a140287a640a61537b1818,2024=Base del cierre 2024; 2025-2026=BAASE del cierre julio 2026; solo Walmart + familia FENDI.
Towell,Walmart,WM,FENDI BD / familia FENDI en Walmart,7501897813122,101285353,7501897813122,TOALLA MB FENDI CHOCOLATE,Pedido,eaches/piezas (provisional por encabezado; confirmar unidad oficial),2024-08,0.0,True,False,no documentado en fuente,Estadistica Venta Resurtible WM 2024 Dic 2024.xlsx,Base,111,AR111,5f403ee3e493560ebbde14d466a7932aa6ee09f78f97cf96bd4f363cee0ae0b8,2024=Base del cierre 2024; 2025-2026=BAASE del cierre julio 2026; solo Walmart + familia FENDI.
Towell,Walmart,WM,FENDI BD / familia FENDI en Walmart,7501897813122,101285353,7501897813122,TOALLA MB FENDI CHOCOLATE,Pedido,eaches/piezas (provisional por encabezado; confirmar unidad oficial),2024-09,9414.0,False,False,no documentado en fuente,Estadistica Venta Resurtible WM 2024 Dic 2024.xlsx,Base,111,AW111,b1a21eacf974e53c83cb50c03c544de9e1b1de16efd33f3a1f0e009f26bfd9fa,2024=Base del cierre 2024; 2025-2026=BAASE del cierre julio 2026; solo Walmart + familia FENDI.
Towell,Walmart,WM,FENDI BD / familia FENDI en Walmart,7501897813122,101285353,7501897813122,TOALLA MB FENDI CHOCOLATE,Pedido,eaches/piezas (provisional por encabezado; confirmar unidad oficial),2024-10,5748.0,False,False,no documentado en fuente,Estadistica Venta Resurtible WM 2024 Dic 2024.xlsx,Base,111,BB111,b26ca9439de0428bd1ac604accf26ade73b3dc02492e5c456e370532f6899050,2024=Base del cierre 2024; 2025-2026=BAASE del cierre julio 2026; solo Walmart + familia FENDI.
Towell,Walmart,WM,FENDI BD / familia FENDI en Walmart,7501897813122,101285353,7501897813122,TOALLA MB FENDI CHOCOLATE,Pedido,eaches/piezas (provisional por encabezado; confirmar unidad oficial),2024-11,11316.0,False,False,no documentado en fuente,Estadistica Venta Resurtible WM 2024 Dic 2024.xlsx,Base,111,BG111,7a3ff0460549d5a5cb9ee1095d6cb52868ff74884d9ed9457c1df7f8afebd784,2024=Base del cierre 2024; 2025-2026=BAASE del cierre julio 2026; solo Walmart + familia FENDI.
Towell,Walmart,WM,FENDI BD / familia FENDI en Walmart,7501897813122,101285353,7501897813122,TOALLA MB FENDI CHOCOLATE,Pedido,eaches/piezas (provisional por encabezado; confirmar unidad oficial),2024-12,3480.0,False,False,no documentado en fuente,Estadistica Venta Resurtible WM 2024 Dic 2024.xlsx,Base,111,BL111,59f0ca60e42887ce9dcff3b3228b1bb2f84c11d32326826c1a2c272d077a418b,2024=Base del cierre 2024; 2025-2026=BAASE del cierre julio 2026; solo Walmart + familia FENDI.
Towell,Walmart,WM,FENDI BD / familia FENDI en Walmart,7501897813122,101285353,7501897813122,Toalla Mb Fendi Chocolate,Pedido,pieza (provisional; la tabla no contiene columna Unidad),2025-01,7884.0,False,False,cierre julio 2026 indicado por nombre del archivo; estado por fila no disponible,Estadistica Todas las Cadenas Cierre de Julio 2026.xlsx,BAASE,590,W590,c2d9d9d213639e4c6e7bafd0b1f3b3e08f049527c6be0accf2f363ba4967f911,2024=Base del cierre 2024; 2025-2026=BAASE del cierre julio 2026; solo Walmart + familia FENDI.
Towell,Walmart,WM,FENDI BD / familia FENDI en Walmart,7501897813122,101285353,7501897813122,Toalla Mb Fendi Chocolate,Pedido,pieza (provisional; la tabla no contiene columna Unidad),2025-02,6276.0,False,False,cierre julio 2026 indicado por nombre del archivo; estado por fila no disponible,Estadistica Todas las Cadenas Cierre de Julio 2026.xlsx,BAASE,1211,W1211,3bf73358779fe1a4ffb32372f747d949a53899ab703a4bcf7e8da847a206b083,2024=Base del cierre 2024; 2025-2026=BAASE del cierre julio 2026; solo Walmart + familia FENDI.
Towell,Walmart,WM,FENDI BD / familia FENDI en Walmart,7501897813122,101285353,7501897813122,Toalla Mb Fendi Chocolate,Pedido,pieza (provisional; la tabla no contiene columna Unidad),2025-03,13524.0,False,False,cierre julio 2026 indicado por nombre del archivo; estado por fila no disponible,Estadistica Todas las Cadenas Cierre de Julio 2026.xlsx,BAASE,1833,W1833,0b306a8f8b91466ea8245cffac171cc27cb900132c08d9bf0ff7e6f29612ec3e,2024=Base del cierre 2024; 2025-2026=BAASE del cierre julio 2026; solo Walmart + familia FENDI.
Towell,Walmart,WM,FENDI BD / familia FENDI en Walmart,7501897813122,101285353,7501897813122,Toalla Mb Fendi Chocolate,Pedido,pieza (provisional; la tabla no contiene columna Unidad),2025-04,7896.0,False,False,cierre julio 2026 indicado por nombre del archivo; estado por fila no disponible,Estadistica Todas las Cadenas Cierre de Julio 2026.xlsx,BAASE,2452,W2452,834d8b45f1d552bbe6ed1ed6a810da23e3cbb22b6b4d9cf599a8316eb05b65ac,2024=Base del cierre 2024; 2025-2026=BAASE del cierre julio 2026; solo Walmart + familia FENDI.
Towell,Walmart,WM,FENDI BD / familia FENDI en Walmart,7501897813122,101285353,7501897813122,Toalla Mb Fendi Chocolate,Pedido,pieza (provisional; la tabla no contiene columna Unidad),2025-05,14604.0,False,False,cierre julio 2026 indicado por nombre del archivo; estado por fila no disponible,Estadistica Todas las Cadenas Cierre de Julio 2026.xlsx,BAASE,3071,W3071,8961f8b8b83bce53ee6a48ff0e514e0385ad10ce14bf59fa24c36468b54de964,2024=Base del cierre 2024; 2025-2026=BAASE del cierre julio 2026; solo Walmart + familia FENDI.
Towell,Walmart,WM,FENDI BD / familia FENDI en Walmart,7501897813122,101285353,7501897813122,Toalla Mb Fendi Chocolate,Pedido,pieza (provisional; la tabla no contiene columna Unidad),2025-06,8820.0,False,False,cierre julio 2026 indicado por nombre del archivo; estado por fila no disponible,Estadistica Todas las Cadenas Cierre de Julio 2026.xlsx,BAASE,3693,W3693,9998be914f2e732ffbc0d249ae0f2340cc33e0b198ab200f3ac6688d56d930ff,2024=Base del cierre 2024; 2025-2026=BAASE del cierre julio 2026; solo Walmart + familia FENDI.
Towell,Walmart,WM,FENDI BD / familia FENDI en Walmart,7501897813122,101285353,7501897813122,Toalla Mb Fendi Chocolate,Pedido,pieza (provisional; la tabla no contiene columna Unidad),2025-07,8844.0,False,False,cierre julio 2026 indicado por nombre del archivo; estado por fila no disponible,Estadistica Todas las Cadenas Cierre de Julio 2026.xlsx,BAASE,4315,W4315,b3c44fb690f34a34d8fbdd3e88f083343d32f9db26db631d9335879d36aa7b4b,2024=Base del cierre 2024; 2025-2026=BAASE del cierre julio 2026; solo Walmart + familia FENDI.
Towell,Walmart,WM,FENDI BD / familia FENDI en Walmart,7501897813122,101285353,7501897813122,Toalla Mb Fendi Chocolate,Pedido,pieza (provisional; la tabla no contiene columna Unidad),2025-08,14280.0,False,False,cierre julio 2026 indicado por nombre del archivo; estado por fila no disponible,Estadistica Todas las Cadenas Cierre de Julio 2026.xlsx,BAASE,4934,W4934,4f90555afcbc6dc1f26021e7435474daf4ef9789eebfeca8c375df581da0895f,2024=Base del cierre 2024; 2025-2026=BAASE del cierre julio 2026; solo Walmart + familia FENDI.
Towell,Walmart,WM,FENDI BD / familia FENDI en Walmart,7501897813122,101285353,7501897813122,Toalla Mb Fendi Chocolate,Pedido,pieza (provisional; la tabla no contiene columna Unidad),2025-09,9564.0,False,False,cierre julio 2026 indicado por nombre del archivo; estado por fila no disponible,Estadistica Todas las Cadenas Cierre de Julio 2026.xlsx,BAASE,5553,W5553,906cdfa7a52c14e1d75852bb0120a622e5b1bf43782dbe6c88fc5d55dc6604c4,2024=Base del cierre 2024; 2025-2026=BAASE del cierre julio 2026; solo Walmart + familia FENDI.
Towell,Walmart,WM,FENDI BD / familia FENDI en Walmart,7501897813122,101285353,7501897813122,Toalla Mb Fendi Chocolate,Pedido,pieza (provisional; la tabla no contiene columna Unidad),2025-10,10392.0,False,False,cierre julio 2026 indicado por nombre del archivo; estado por fila no disponible,Estadistica Todas las Cadenas Cierre de Julio 2026.xlsx,BAASE,6172,W6172,728a5d82fa25629e0b0966cccdea48854afe5cf797770f3c7f6a555699d17aa8,2024=Base del cierre 2024; 2025-2026=BAASE del cierre julio 2026; solo Walmart + familia FENDI.
Towell,Walmart,WM,FENDI BD / familia FENDI en Walmart,7501897813122,101285353,7501897813122,Toalla Mb Fendi Chocolate,Pedido,pieza (provisional; la tabla no contiene columna Unidad),2025-11,10632.0,False,False,cierre julio 2026 indicado por nombre del archivo; estado por fila no disponible,Estadistica Todas las Cadenas Cierre de Julio 2026.xlsx,BAASE,6791,W6791,4f404722fea42a931aef3d4672cf4aea49ad74ff8f63f0a940cb108e45918cfd,2024=Base del cierre 2024; 2025-2026=BAASE del cierre julio 2026; solo Walmart + familia FENDI.
Towell,Walmart,WM,FENDI BD / familia FENDI en Walmart,7501897813122,101285353,7501897813122,Toalla Mb Fendi Chocolate,Pedido,pieza (provisional; la tabla no contiene columna Unidad),2025-12,15384.0,False,False,cierre julio 2026 indicado por nombre del archivo; estado por fila no disponible,Estadistica Todas las Cadenas Cierre de Julio 2026.xlsx,BAASE,7410,W7410,d5772f3bd2455ad7d31050c7ce549078cc5aeb41279acecfd9e545e4eed1ead2,2024=Base del cierre 2024; 2025-2026=BAASE del cierre julio 2026; solo Walmart + familia FENDI.
Towell,Walmart,WM,FENDI BD / familia FENDI en Walmart,7501897813122,101285353,7501897813122,Toalla Mb Fendi Chocolate,Pedido,pieza (provisional; la tabla no contiene columna Unidad),2026-01,28266.0,False,False,cierre julio 2026 indicado por nombre del archivo; estado por fila no disponible,Estadistica Todas las Cadenas Cierre de Julio 2026.xlsx,BAASE,7980,W7980,0749e2d16e8d08460088ec9371f1082e60b3503ffbcdc2e08f33f9011944bd30,2024=Base del cierre 2024; 2025-2026=BAASE del cierre julio 2026; solo Walmart + familia FENDI.
Towell,Walmart,WM,FENDI BD / familia FENDI en Walmart,7501897813122,101285353,7501897813122,Toalla Mb Fendi Chocolate,Pedido,pieza (provisional; la tabla no contiene columna Unidad),2026-02,14304.0,False,False,cierre julio 2026 indicado por nombre del archivo; estado por fila no disponible,Estadistica Todas las Cadenas Cierre de Julio 2026.xlsx,BAASE,8559,W8559,19e58f5ee823613f9631393a79487844fff4d9c5a364750a5550f1bcdca542ff,2024=Base del cierre 2024; 2025-2026=BAASE del cierre julio 2026; solo Walmart + familia FENDI.
Towell,Walmart,WM,FENDI BD / familia FENDI en Walmart,7501897813122,101285353,7501897813122,Toalla Mb Fendi Chocolate,Pedido,pieza (provisional; la tabla no contiene columna Unidad),2026-03,18108.0,False,False,cierre julio 2026 indicado por nombre del archivo; estado por fila no disponible,Estadistica Todas las Cadenas Cierre de Julio 2026.xlsx,BAASE,9138,W9138,58b8365eff88e1f3e75ee020232b59f0675349cb942822c4c0bde9fef8ccfac6,2024=Base del cierre 2024; 2025-2026=BAASE del cierre julio 2026; solo Walmart + familia FENDI.
Towell,Walmart,WM,FENDI BD / familia FENDI en Walmart,7501897813122,101285353,7501897813122,Toalla Mb Fendi Chocolate,Pedido,pieza (provisional; la tabla no contiene columna Unidad),2026-04,13452.0,False,False,cierre julio 2026 indicado por nombre del archivo; estado por fila no disponible,Estadistica Todas las Cadenas Cierre de Julio 2026.xlsx,BAASE,9717,W9717,304807065f0830e000c4ceb64c93690fee0849afa55a41d50237633087f1ef48,2024=Base del cierre 2024; 2025-2026=BAASE del cierre julio 2026; solo Walmart + familia FENDI.
Towell,Walmart,WM,FENDI BD / familia FENDI en Walmart,7501897813122,101285353,7501897813122,Toalla Mb Fendi Chocolate,Pedido,pieza (provisional; la tabla no contiene columna Unidad),2026-05,19002.0,False,False,cierre julio 2026 indicado por nombre del archivo; estado por fila no disponible,Estadistica Todas las Cadenas Cierre de Julio 2026.xlsx,BAASE,10296,W10296,e51fdaa146f68d6ca10d3e4897e149762a7330b20ed9a86fc799d2c3e2f83074,2024=Base del cierre 2024; 2025-2026=BAASE del cierre julio 2026; solo Walmart + familia FENDI.
Towell,Walmart,WM,FENDI BD / familia FENDI en Walmart,7501897813122,101285353,7501897813122,Toalla Mb Fendi Chocolate,Pedido,pieza (provisional; la tabla no contiene columna Unidad),2026-06,9534.0,False,False,cierre julio 2026 indicado por nombre del archivo; estado por fila no disponible,Estadistica Todas las Cadenas Cierre de Julio 2026.xlsx,BAASE,10875,W10875,7d6e40f9e81058fc41cd66617fdb772ee192d8fe33154a607020a83e01431b90,2024=Base del cierre 2024; 2025-2026=BAASE del cierre julio 2026; solo Walmart + familia FENDI.
Towell,Walmart,WM,FENDI BD / familia FENDI en Walmart,7501897813122,101285353,7501897813122,Toalla Mb Fendi Chocolate,Pedido,pieza (provisional; la tabla no contiene columna Unidad),2026-07,18036.0,False,False,cierre julio 2026 indicado por nombre del archivo; estado por fila no disponible,Estadistica Todas las Cadenas Cierre de Julio 2026.xlsx,BAASE,11454,W11454,29bb37eb4a06c069f1bd160f134a4cdb4f1bf407f52e0f3c697235ee023d1c50,2024=Base del cierre 2024; 2025-2026=BAASE del cierre julio 2026; solo Walmart + familia FENDI.
Towell,Walmart,WM,FENDI BD / familia FENDI en Walmart,7501897813139,101285349,7501897813139,TOALLA MB FENDI MORADO,Pedido,eaches/piezas (provisional por encabezado; confirmar unidad oficial),2024-01,0.0,True,False,no documentado en fuente,Estadistica Venta Resurtible WM 2024 Dic 2024.xlsx,Base,109,I109,71e71edf73fc4d8b2d927ce9fead37f895b9aa3ea2ca1d672ed50c52959adc29,2024=Base del cierre 2024; 2025-2026=BAASE del cierre julio 2026; solo Walmart + familia FENDI.
Towell,Walmart,WM,FENDI BD / familia FENDI en Walmart,7501897813139,101285349,7501897813139,TOALLA MB FENDI MORADO,Pedido,eaches/piezas (provisional por encabezado; confirmar unidad oficial),2024-02,0.0,True,False,no documentado en fuente,Estadistica Venta Resurtible WM 2024 Dic 2024.xlsx,Base,109,N109,4a82f8832bf183cfaffa96595a6ed3db2d70a712fc037221e38886e36c14fde9,2024=Base del cierre 2024; 2025-2026=BAASE del cierre julio 2026; solo Walmart + familia FENDI.
Towell,Walmart,WM,FENDI BD / familia FENDI en Walmart,7501897813139,101285349,7501897813139,TOALLA MB FENDI MORADO,Pedido,eaches/piezas (provisional por encabezado; confirmar unidad oficial),2024-03,0.0,True,False,no documentado en fuente,Estadistica Venta Resurtible WM 2024 Dic 2024.xlsx,Base,109,S109,a0cfe0067d94369eec3d965b40ff52e31f3c29116637f6efc92d423a2abbf87f,2024=Base del cierre 2024; 2025-2026=BAASE del cierre julio 2026; solo Walmart + familia FENDI.
Towell,Walmart,WM,FENDI BD / familia FENDI en Walmart,7501897813139,101285349,7501897813139,TOALLA MB FENDI MORADO,Pedido,eaches/piezas (provisional por encabezado; confirmar unidad oficial),2024-04,0.0,True,False,no documentado en fuente,Estadistica Venta Resurtible WM 2024 Dic 2024.xlsx,Base,109,X109,bfb348328d46bf716f206a6bb3003890308417749ecd0d6b76ac3b38d780e6a0,2024=Base del cierre 2024; 2025-2026=BAASE del cierre julio 2026; solo Walmart + familia FENDI.
Towell,Walmart,WM,FENDI BD / familia FENDI en Walmart,7501897813139,101285349,7501897813139,TOALLA MB FENDI MORADO,Pedido,eaches/piezas (provisional por encabezado; confirmar unidad oficial),2024-05,0.0,True,False,no documentado en fuente,Estadistica Venta Resurtible WM 2024 Dic 2024.xlsx,Base,109,AC109,fe0950614776a65223311ae6d869ce8f2c8a10f32b58b8791e0a525ca340d6a0,2024=Base del cierre 2024; 2025-2026=BAASE del cierre julio 2026; solo Walmart + familia FENDI.
Towell,Walmart,WM,FENDI BD / familia FENDI en Walmart,7501897813139,101285349,7501897813139,TOALLA MB FENDI MORADO,Pedido,eaches/piezas (provisional por encabezado; confirmar unidad oficial),2024-06,0.0,True,False,no documentado en fuente,Estadistica Venta Resurtible WM 2024 Dic 2024.xlsx,Base,109,AH109,9012e20a7da40d1af659b7ce961ddf87f09b18ca9b7b91ae383a4d5487a3506a,2024=Base del cierre 2024; 2025-2026=BAASE del cierre julio 2026; solo Walmart + familia FENDI.
Towell,Walmart,WM,FENDI BD / familia FENDI en Walmart,7501897813139,101285349,7501897813139,TOALLA MB FENDI MORADO,Pedido,eaches/piezas (provisional por encabezado; confirmar unidad oficial),2024-07,0.0,True,False,no documentado en fuente,Estadistica Venta Resurtible WM 2024 Dic 2024.xlsx,Base,109,AM109,620347147a1987b698a9801252bdabaf9c3fefbba44f5a4f1040b683a4458af1,2024=Base del cierre 2024; 2025-2026=BAASE del cierre julio 2026; solo Walmart + familia FENDI.
Towell,Walmart,WM,FENDI BD / familia FENDI en Walmart,7501897813139,101285349,7501897813139,TOALLA MB FENDI MORADO,Pedido,eaches/piezas (provisional por encabezado; confirmar unidad oficial),2024-08,0.0,True,False,no documentado en fuente,Estadistica Venta Resurtible WM 2024 Dic 2024.xlsx,Base,109,AR109,99c83ccef9d744a1b1385e111b6ce8a9f04599b2043d98fc92554d042e847409,2024=Base del cierre 2024; 2025-2026=BAASE del cierre julio 2026; solo Walmart + familia FENDI.
Towell,Walmart,WM,FENDI BD / familia FENDI en Walmart,7501897813139,101285349,7501897813139,TOALLA MB FENDI MORADO,Pedido,eaches/piezas (provisional por encabezado; confirmar unidad oficial),2024-09,9414.0,False,False,no documentado en fuente,Estadistica Venta Resurtible WM 2024 Dic 2024.xlsx,Base,109,AW109,b9f718ca267d3839a7c73f454f611425c5300a1008cb4d796e3ddb4f14b88b4b,2024=Base del cierre 2024; 2025-2026=BAASE del cierre julio 2026; solo Walmart + familia FENDI.
Towell,Walmart,WM,FENDI BD / familia FENDI en Walmart,7501897813139,101285349,7501897813139,TOALLA MB FENDI MORADO,Pedido,eaches/piezas (provisional por encabezado; confirmar unidad oficial),2024-10,5976.0,False,False,no documentado en fuente,Estadistica Venta Resurtible WM 2024 Dic 2024.xlsx,Base,109,BB109,462efdc67adc47d32e3642af60c161a65faaeca9eb59f6a69996287a7e9dc4c1,2024=Base del cierre 2024; 2025-2026=BAASE del cierre julio 2026; solo Walmart + familia FENDI.
Towell,Walmart,WM,FENDI BD / familia FENDI en Walmart,7501897813139,101285349,7501897813139,TOALLA MB FENDI MORADO,Pedido,eaches/piezas (provisional por encabezado; confirmar unidad oficial),2024-11,10860.0,False,False,no documentado en fuente,Estadistica Venta Resurtible WM 2024 Dic 2024.xlsx,Base,109,BG109,00be8ce54b2325f701671acd162e7538473d3a9ba3da71e10fb81e3c045b6da7,2024=Base del cierre 2024; 2025-2026=BAASE del cierre julio 2026; solo Walmart + familia FENDI.
Towell,Walmart,WM,FENDI BD / familia FENDI en Walmart,7501897813139,101285349,7501897813139,TOALLA MB FENDI MORADO,Pedido,eaches/piezas (provisional por encabezado; confirmar unidad oficial),2024-12,4488.0,False,False,no documentado en fuente,Estadistica Venta Resurtible WM 2024 Dic 2024.xlsx,Base,109,BL109,32df51071c448eed77112034d504bb7d77a2705a42751d73cc034520a28b2cea,2024=Base del cierre 2024; 2025-2026=BAASE del cierre julio 2026; solo Walmart + familia FENDI.
Towell,Walmart,WM,FENDI BD / familia FENDI en Walmart,7501897813139,101285349,7501897813139,Toalla Mb Fendi Morado,Pedido,pieza (provisional; la tabla no contiene columna Unidad),2025-01,6420.0,False,False,cierre julio 2026 indicado por nombre del archivo; estado por fila no disponible,Estadistica Todas las Cadenas Cierre de Julio 2026.xlsx,BAASE,591,W591,af1e726f026a1bf3b1c42877af6636388bc4f2edcfd8cbfced0cf4d78ea95204,2024=Base del cierre 2024; 2025-2026=BAASE del cierre julio 2026; solo Walmart + familia FENDI.
Towell,Walmart,WM,FENDI BD / familia FENDI en Walmart,7501897813139,101285349,7501897813139,Toalla Mb Fendi Morado,Pedido,pieza (provisional; la tabla no contiene columna Unidad),2025-02,4812.0,False,False,cierre julio 2026 indicado por nombre del archivo; estado por fila no disponible,Estadistica Todas las Cadenas Cierre de Julio 2026.xlsx,BAASE,1212,W1212,e7bec6b7c8de1596c8f37b56b90fa14decc51ea3dd1fcd170313352fb28ac81d,2024=Base del cierre 2024; 2025-2026=BAASE del cierre julio 2026; solo Walmart + familia FENDI.
Towell,Walmart,WM,FENDI BD / familia FENDI en Walmart,7501897813139,101285349,7501897813139,Toalla Mb Fendi Morado,Pedido,pieza (provisional; la tabla no contiene columna Unidad),2025-03,6756.0,False,False,cierre julio 2026 indicado por nombre del archivo; estado por fila no disponible,Estadistica Todas las Cadenas Cierre de Julio 2026.xlsx,BAASE,1834,W1834,484af8665239edcdee78da451519fc0d888499e6a3915e447fcca6c3f3c2e9f6,2024=Base del cierre 2024; 2025-2026=BAASE del cierre julio 2026; solo Walmart + familia FENDI.
Towell,Walmart,WM,FENDI BD / familia FENDI en Walmart,7501897813139,101285349,7501897813139,Toalla Mb Fendi Morado,Pedido,pieza (provisional; la tabla no contiene columna Unidad),2025-04,12060.0,False,False,cierre julio 2026 indicado por nombre del archivo; estado por fila no disponible,Estadistica Todas las Cadenas Cierre de Julio 2026.xlsx,BAASE,2453,W2453,c4c0235d1f879794751118beb4374cece429a754b123081d301a98f19299117d,2024=Base del cierre 2024; 2025-2026=BAASE del cierre julio 2026; solo Walmart + familia FENDI.
Towell,Walmart,WM,FENDI BD / familia FENDI en Walmart,7501897813139,101285349,7501897813139,Toalla Mb Fendi Morado,Pedido,pieza (provisional; la tabla no contiene columna Unidad),2025-05,18924.0,False,False,cierre julio 2026 indicado por nombre del archivo; estado por fila no disponible,Estadistica Todas las Cadenas Cierre de Julio 2026.xlsx,BAASE,3072,W3072,423ace22fcb17aefdab6fb26b96f3ea41c3db98c9cfe633832202f2a5d20ddf8,2024=Base del cierre 2024; 2025-2026=BAASE del cierre julio 2026; solo Walmart + familia FENDI.
Towell,Walmart,WM,FENDI BD / familia FENDI en Walmart,7501897813139,101285349,7501897813139,Toalla Mb Fendi Morado,Pedido,pieza (provisional; la tabla no contiene columna Unidad),2025-06,8280.0,False,False,cierre julio 2026 indicado por nombre del archivo; estado por fila no disponible,Estadistica Todas las Cadenas Cierre de Julio 2026.xlsx,BAASE,3694,W3694,63f9d63e519221da426c4092fbf54018411d0469e7f1f5b692cfd9128b2ee567,2024=Base del cierre 2024; 2025-2026=BAASE del cierre julio 2026; solo Walmart + familia FENDI.
Towell,Walmart,WM,FENDI BD / familia FENDI en Walmart,7501897813139,101285349,7501897813139,Toalla Mb Fendi Morado,Pedido,pieza (provisional; la tabla no contiene columna Unidad),2025-07,9648.0,False,False,cierre julio 2026 indicado por nombre del archivo; estado por fila no disponible,Estadistica Todas las Cadenas Cierre de Julio 2026.xlsx,BAASE,4316,W4316,746d1b882bb57419b9b2eed8ba8a1e06da128774daee163a7774669bfadabab3,2024=Base del cierre 2024; 2025-2026=BAASE del cierre julio 2026; solo Walmart + familia FENDI.
Towell,Walmart,WM,FENDI BD / familia FENDI en Walmart,7501897813139,101285349,7501897813139,Toalla Mb Fendi Morado,Pedido,pieza (provisional; la tabla no contiene columna Unidad),2025-08,12492.0,False,False,cierre julio 2026 indicado por nombre del archivo; estado por fila no disponible,Estadistica Todas las Cadenas Cierre de Julio 2026.xlsx,BAASE,4935,W4935,49e554253742af9addf7cdf7f59cb71817cbacba435cdc1bd2a1138664b8bf67,2024=Base del cierre 2024; 2025-2026=BAASE del cierre julio 2026; solo Walmart + familia FENDI.
Towell,Walmart,WM,FENDI BD / familia FENDI en Walmart,7501897813139,101285349,7501897813139,Toalla Mb Fendi Morado,Pedido,pieza (provisional; la tabla no contiene columna Unidad),2025-09,7416.0,False,False,cierre julio 2026 indicado por nombre del archivo; estado por fila no disponible,Estadistica Todas las Cadenas Cierre de Julio 2026.xlsx,BAASE,5554,W5554,302cb1fecabec3b2abaa82542aed52825d8d5472026ad16df1cffd7f58bb76de,2024=Base del cierre 2024; 2025-2026=BAASE del cierre julio 2026; solo Walmart + familia FENDI.
Towell,Walmart,WM,FENDI BD / familia FENDI en Walmart,7501897813139,101285349,7501897813139,Toalla Mb Fendi Morado,Pedido,pieza (provisional; la tabla no contiene columna Unidad),2025-10,8340.0,False,False,cierre julio 2026 indicado por nombre del archivo; estado por fila no disponible,Estadistica Todas las Cadenas Cierre de Julio 2026.xlsx,BAASE,6173,W6173,a01098621dc52568f67914885f2ceb1ae98d6292ad6d6d88569777e821cad16d,2024=Base del cierre 2024; 2025-2026=BAASE del cierre julio 2026; solo Walmart + familia FENDI.
Towell,Walmart,WM,FENDI BD / familia FENDI en Walmart,7501897813139,101285349,7501897813139,Toalla Mb Fendi Morado,Pedido,pieza (provisional; la tabla no contiene columna Unidad),2025-11,8520.0,False,False,cierre julio 2026 indicado por nombre del archivo; estado por fila no disponible,Estadistica Todas las Cadenas Cierre de Julio 2026.xlsx,BAASE,6792,W6792,45d0115ed84502338f83bd41bcf12cf1e8d3c7c1a4814c5040c11e1fa65e978b,2024=Base del cierre 2024; 2025-2026=BAASE del cierre julio 2026; solo Walmart + familia FENDI.
Towell,Walmart,WM,FENDI BD / familia FENDI en Walmart,7501897813139,101285349,7501897813139,Toalla Mb Fendi Morado,Pedido,pieza (provisional; la tabla no contiene columna Unidad),2025-12,12570.0,False,False,cierre julio 2026 indicado por nombre del archivo; estado por fila no disponible,Estadistica Todas las Cadenas Cierre de Julio 2026.xlsx,BAASE,7411,W7411,dc3e722e183fcd1ef92905b21d4acb3ac7f160ef16370113d22c4b9447748566,2024=Base del cierre 2024; 2025-2026=BAASE del cierre julio 2026; solo Walmart + familia FENDI.
Towell,Walmart,WM,FENDI BD / familia FENDI en Walmart,7501897813139,101285349,7501897813139,Toalla Mb Fendi Morado,Pedido,pieza (provisional; la tabla no contiene columna Unidad),2026-01,24204.0,False,False,cierre julio 2026 indicado por nombre del archivo; estado por fila no disponible,Estadistica Todas las Cadenas Cierre de Julio 2026.xlsx,BAASE,7981,W7981,298c459e4b5ca9b280b7593c0ae0cf23c686e55473e895487b9c5d12b35b49bb,2024=Base del cierre 2024; 2025-2026=BAASE del cierre julio 2026; solo Walmart + familia FENDI.
Towell,Walmart,WM,FENDI BD / familia FENDI en Walmart,7501897813139,101285349,7501897813139,Toalla Mb Fendi Morado,Pedido,pieza (provisional; la tabla no contiene columna Unidad),2026-02,11088.0,False,False,cierre julio 2026 indicado por nombre del archivo; estado por fila no disponible,Estadistica Todas las Cadenas Cierre de Julio 2026.xlsx,BAASE,8560,W8560,1285abaad3893ee83f3819a7f08993bfad8cdbdfdb4ce3ea6da55bf739f523a3,2024=Base del cierre 2024; 2025-2026=BAASE del cierre julio 2026; solo Walmart + familia FENDI.
Towell,Walmart,WM,FENDI BD / familia FENDI en Walmart,7501897813139,101285349,7501897813139,Toalla Mb Fendi Morado,Pedido,pieza (provisional; la tabla no contiene columna Unidad),2026-03,13866.0,False,False,cierre julio 2026 indicado por nombre del archivo; estado por fila no disponible,Estadistica Todas las Cadenas Cierre de Julio 2026.xlsx,BAASE,9139,W9139,f5fb068b758e7fc6bcd83f8ad29b935f6e6a745bdb6a1df1a810b9e64464026f,2024=Base del cierre 2024; 2025-2026=BAASE del cierre julio 2026; solo Walmart + familia FENDI.
Towell,Walmart,WM,FENDI BD / familia FENDI en Walmart,7501897813139,101285349,7501897813139,Toalla Mb Fendi Morado,Pedido,pieza (provisional; la tabla no contiene columna Unidad),2026-04,14184.0,False,False,cierre julio 2026 indicado por nombre del archivo; estado por fila no disponible,Estadistica Todas las Cadenas Cierre de Julio 2026.xlsx,BAASE,9718,W9718,770f567471c5e9f7926a2e8d7dc6a0f25cb7bf98788caec5db3698a204bdbf22,2024=Base del cierre 2024; 2025-2026=BAASE del cierre julio 2026; solo Walmart + familia FENDI.
Towell,Walmart,WM,FENDI BD / familia FENDI en Walmart,7501897813139,101285349,7501897813139,Toalla Mb Fendi Morado,Pedido,pieza (provisional; la tabla no contiene columna Unidad),2026-05,19272.0,False,False,cierre julio 2026 indicado por nombre del archivo; estado por fila no disponible,Estadistica Todas las Cadenas Cierre de Julio 2026.xlsx,BAASE,10297,W10297,241595b69e1fa14745f99ffb0ebe97266ed4bbf29e69b446a532591170680267,2024=Base del cierre 2024; 2025-2026=BAASE del cierre julio 2026; solo Walmart + familia FENDI.
Towell,Walmart,WM,FENDI BD / familia FENDI en Walmart,7501897813139,101285349,7501897813139,Toalla Mb Fendi Morado,Pedido,pieza (provisional; la tabla no contiene columna Unidad),2026-06,8736.0,False,False,cierre julio 2026 indicado por nombre del archivo; estado por fila no disponible,Estadistica Todas las Cadenas Cierre de Julio 2026.xlsx,BAASE,10876,W10876,31492bb7c8c25c33e7c206fd992f2b2b92d9f13134bb64831147086850ed90d0,2024=Base del cierre 2024; 2025-2026=BAASE del cierre julio 2026; solo Walmart + familia FENDI.
Towell,Walmart,WM,FENDI BD / familia FENDI en Walmart,7501897813139,101285349,7501897813139,Toalla Mb Fendi Morado,Pedido,pieza (provisional; la tabla no contiene columna Unidad),2026-07,19590.0,False,False,cierre julio 2026 indicado por nombre del archivo; estado por fila no disponible,Estadistica Todas las Cadenas Cierre de Julio 2026.xlsx,BAASE,11455,W11455,b8cb26dcaa1f1b1c8549501bea77cb3df4a5bb12e36cdd3639cc3a64b862a3ae,2024=Base del cierre 2024; 2025-2026=BAASE del cierre julio 2026; solo Walmart + familia FENDI.
Towell,Walmart,WM,FENDI BD / familia FENDI en Walmart,7501897813146,101285357,7501897813146,TOALLA MB FENDI AZUL,Pedido,eaches/piezas (provisional por encabezado; confirmar unidad oficial),2024-01,0.0,True,False,no documentado en fuente,Estadistica Venta Resurtible WM 2024 Dic 2024.xlsx,Base,115,I115,c0673b55dadd7a463f9d1a3e94aff8dbc8c2d3ca49c5eed4d8f9479c18392039,2024=Base del cierre 2024; 2025-2026=BAASE del cierre julio 2026; solo Walmart + familia FENDI.
Towell,Walmart,WM,FENDI BD / familia FENDI en Walmart,7501897813146,101285357,7501897813146,TOALLA MB FENDI AZUL,Pedido,eaches/piezas (provisional por encabezado; confirmar unidad oficial),2024-02,0.0,True,False,no documentado en fuente,Estadistica Venta Resurtible WM 2024 Dic 2024.xlsx,Base,115,N115,d23edab9ab1f04b29aea7398defbab50e530222be5610e56be446c29de06c59a,2024=Base del cierre 2024; 2025-2026=BAASE del cierre julio 2026; solo Walmart + familia FENDI.
Towell,Walmart,WM,FENDI BD / familia FENDI en Walmart,7501897813146,101285357,7501897813146,TOALLA MB FENDI AZUL,Pedido,eaches/piezas (provisional por encabezado; confirmar unidad oficial),2024-03,0.0,True,False,no documentado en fuente,Estadistica Venta Resurtible WM 2024 Dic 2024.xlsx,Base,115,S115,c6050ccb2fe34960e3a41df452cf41b8306d1cd3630cf8c094cf84b56aa0370d,2024=Base del cierre 2024; 2025-2026=BAASE del cierre julio 2026; solo Walmart + familia FENDI.
Towell,Walmart,WM,FENDI BD / familia FENDI en Walmart,7501897813146,101285357,7501897813146,TOALLA MB FENDI AZUL,Pedido,eaches/piezas (provisional por encabezado; confirmar unidad oficial),2024-04,0.0,True,False,no documentado en fuente,Estadistica Venta Resurtible WM 2024 Dic 2024.xlsx,Base,115,X115,1b188eda0dfff50116bb463fb12d13d7272c74d1686f71a32dd807c5eb0c26a0,2024=Base del cierre 2024; 2025-2026=BAASE del cierre julio 2026; solo Walmart + familia FENDI.
Towell,Walmart,WM,FENDI BD / familia FENDI en Walmart,7501897813146,101285357,7501897813146,TOALLA MB FENDI AZUL,Pedido,eaches/piezas (provisional por encabezado; confirmar unidad oficial),2024-05,0.0,True,False,no documentado en fuente,Estadistica Venta Resurtible WM 2024 Dic 2024.xlsx,Base,115,AC115,2e347ab48c41bcb32ffa65c0e2324660718d656a10eb2f00c74146c074e4777e,2024=Base del cierre 2024; 2025-2026=BAASE del cierre julio 2026; solo Walmart + familia FENDI.
Towell,Walmart,WM,FENDI BD / familia FENDI en Walmart,7501897813146,101285357,7501897813146,TOALLA MB FENDI AZUL,Pedido,eaches/piezas (provisional por encabezado; confirmar unidad oficial),2024-06,0.0,True,False,no documentado en fuente,Estadistica Venta Resurtible WM 2024 Dic 2024.xlsx,Base,115,AH115,873335f50d4c87b170e3504acbf8448a7e070c3f643a40fff2ffc2fb441fa8b5,2024=Base del cierre 2024; 2025-2026=BAASE del cierre julio 2026; solo Walmart + familia FENDI.
Towell,Walmart,WM,FENDI BD / familia FENDI en Walmart,7501897813146,101285357,7501897813146,TOALLA MB FENDI AZUL,Pedido,eaches/piezas (provisional por encabezado; confirmar unidad oficial),2024-07,0.0,True,False,no documentado en fuente,Estadistica Venta Resurtible WM 2024 Dic 2024.xlsx,Base,115,AM115,8ae2dbfd8c3c9daadf847a0801b407fd1f226e35a7a27ff17f06e0a95ae8a48d,2024=Base del cierre 2024; 2025-2026=BAASE del cierre julio 2026; solo Walmart + familia FENDI.
Towell,Walmart,WM,FENDI BD / familia FENDI en Walmart,7501897813146,101285357,7501897813146,TOALLA MB FENDI AZUL,Pedido,eaches/piezas (provisional por encabezado; confirmar unidad oficial),2024-08,0.0,True,False,no documentado en fuente,Estadistica Venta Resurtible WM 2024 Dic 2024.xlsx,Base,115,AR115,8b5b7e389e186f71168b93b27036723f21838174e7d5e00b6b0e787331c78b10,2024=Base del cierre 2024; 2025-2026=BAASE del cierre julio 2026; solo Walmart + familia FENDI.
Towell,Walmart,WM,FENDI BD / familia FENDI en Walmart,7501897813146,101285357,7501897813146,TOALLA MB FENDI AZUL,Pedido,eaches/piezas (provisional por encabezado; confirmar unidad oficial),2024-09,9414.0,False,False,no documentado en fuente,Estadistica Venta Resurtible WM 2024 Dic 2024.xlsx,Base,115,AW115,a47a3bd9edcf7019f6be20ffd117ca6d2c5be3493947c524a2c6eb14d65b8c89,2024=Base del cierre 2024; 2025-2026=BAASE del cierre julio 2026; solo Walmart + familia FENDI.
Towell,Walmart,WM,FENDI BD / familia FENDI en Walmart,7501897813146,101285357,7501897813146,TOALLA MB FENDI AZUL,Pedido,eaches/piezas (provisional por encabezado; confirmar unidad oficial),2024-10,6156.0,False,False,no documentado en fuente,Estadistica Venta Resurtible WM 2024 Dic 2024.xlsx,Base,115,BB115,53b0d999c184eaa69f5656ade81edd27b2a0f516c1dc7ed50110d5ab62d446d9,2024=Base del cierre 2024; 2025-2026=BAASE del cierre julio 2026; solo Walmart + familia FENDI.
Towell,Walmart,WM,FENDI BD / familia FENDI en Walmart,7501897813146,101285357,7501897813146,TOALLA MB FENDI AZUL,Pedido,eaches/piezas (provisional por encabezado; confirmar unidad oficial),2024-11,10194.0,False,False,no documentado en fuente,Estadistica Venta Resurtible WM 2024 Dic 2024.xlsx,Base,115,BG115,d6380689dddef2caeae22ea8dd92418e917287a3ebd1feed2647c3f1706bfe31,2024=Base del cierre 2024; 2025-2026=BAASE del cierre julio 2026; solo Walmart + familia FENDI.
Towell,Walmart,WM,FENDI BD / familia FENDI en Walmart,7501897813146,101285357,7501897813146,TOALLA MB FENDI AZUL,Pedido,eaches/piezas (provisional por encabezado; confirmar unidad oficial),2024-12,4080.0,False,False,no documentado en fuente,Estadistica Venta Resurtible WM 2024 Dic 2024.xlsx,Base,115,BL115,5fb6800e6c6cc68dff3935b6996999f17560468f5bb121d1d6197f8355d25a15,2024=Base del cierre 2024; 2025-2026=BAASE del cierre julio 2026; solo Walmart + familia FENDI.
Towell,Walmart,WM,FENDI BD / familia FENDI en Walmart,7501897813146,101285357,7501897813146,Toalla Mb Fendi Azul,Pedido,pieza (provisional; la tabla no contiene columna Unidad),2025-01,17430.0,False,False,cierre julio 2026 indicado por nombre del archivo; estado por fila no disponible,Estadistica Todas las Cadenas Cierre de Julio 2026.xlsx,BAASE,592,W592,a7892ed6e6d017971cbeb31f6665b92f269a546c902c60a51b9d63a567574efb,2024=Base del cierre 2024; 2025-2026=BAASE del cierre julio 2026; solo Walmart + familia FENDI.
Towell,Walmart,WM,FENDI BD / familia FENDI en Walmart,7501897813146,101285357,7501897813146,Toalla Mb Fendi Azul,Pedido,pieza (provisional; la tabla no contiene columna Unidad),2025-02,20586.0,False,False,cierre julio 2026 indicado por nombre del archivo; estado por fila no disponible,Estadistica Todas las Cadenas Cierre de Julio 2026.xlsx,BAASE,1213,W1213,37eb17231494e9349c5a33a6d6b05668dae60362eb74794243000ad2339788f8,2024=Base del cierre 2024; 2025-2026=BAASE del cierre julio 2026; solo Walmart + familia FENDI.
Towell,Walmart,WM,FENDI BD / familia FENDI en Walmart,7501897813146,101285357,7501897813146,Toalla Mb Fendi Azul,Pedido,pieza (provisional; la tabla no contiene columna Unidad),2025-03,13272.0,False,False,cierre julio 2026 indicado por nombre del archivo; estado por fila no disponible,Estadistica Todas las Cadenas Cierre de Julio 2026.xlsx,BAASE,1835,W1835,49090dc63fa259746b80e2929f37f5bea9614dc06e714c5b1678624f7c4407dc,2024=Base del cierre 2024; 2025-2026=BAASE del cierre julio 2026; solo Walmart + familia FENDI.
Towell,Walmart,WM,FENDI BD / familia FENDI en Walmart,7501897813146,101285357,7501897813146,Toalla Mb Fendi Azul,Pedido,pieza (provisional; la tabla no contiene columna Unidad),2025-04,19962.0,False,False,cierre julio 2026 indicado por nombre del archivo; estado por fila no disponible,Estadistica Todas las Cadenas Cierre de Julio 2026.xlsx,BAASE,2454,W2454,21ce4652e3015ef504c8154892ee45e844a63b56a1ff8facfa9635f23ce4edda,2024=Base del cierre 2024; 2025-2026=BAASE del cierre julio 2026; solo Walmart + familia FENDI.
Towell,Walmart,WM,FENDI BD / familia FENDI en Walmart,7501897813146,101285357,7501897813146,Toalla Mb Fendi Azul,Pedido,pieza (provisional; la tabla no contiene columna Unidad),2025-05,15162.0,False,False,cierre julio 2026 indicado por nombre del archivo; estado por fila no disponible,Estadistica Todas las Cadenas Cierre de Julio 2026.xlsx,BAASE,3073,W3073,ab4f1facef1867b7210fc466d385392ddc15c2790849c0d06dd52f39d8398128,2024=Base del cierre 2024; 2025-2026=BAASE del cierre julio 2026; solo Walmart + familia FENDI.
Towell,Walmart,WM,FENDI BD / familia FENDI en Walmart,7501897813146,101285357,7501897813146,Toalla Mb Fendi Azul,Pedido,pieza (provisional; la tabla no contiene columna Unidad),2025-06,11112.0,False,False,cierre julio 2026 indicado por nombre del archivo; estado por fila no disponible,Estadistica Todas las Cadenas Cierre de Julio 2026.xlsx,BAASE,3695,W3695,32565e58a6a808a4a1ca5b9d17572c5fdbb97e883a14325c1cd3e92fe4b2691f,2024=Base del cierre 2024; 2025-2026=BAASE del cierre julio 2026; solo Walmart + familia FENDI.
Towell,Walmart,WM,FENDI BD / familia FENDI en Walmart,7501897813146,101285357,7501897813146,Toalla Mb Fendi Azul,Pedido,pieza (provisional; la tabla no contiene columna Unidad),2025-07,13158.0,False,False,cierre julio 2026 indicado por nombre del archivo; estado por fila no disponible,Estadistica Todas las Cadenas Cierre de Julio 2026.xlsx,BAASE,4317,W4317,ad70c86ff3b45c9f8e430d202bc6cbe60a096ca0af0aafb6f0276ce42fd0e60e,2024=Base del cierre 2024; 2025-2026=BAASE del cierre julio 2026; solo Walmart + familia FENDI.
Towell,Walmart,WM,FENDI BD / familia FENDI en Walmart,7501897813146,101285357,7501897813146,Toalla Mb Fendi Azul,Pedido,pieza (provisional; la tabla no contiene columna Unidad),2025-08,18672.0,False,False,cierre julio 2026 indicado por nombre del archivo; estado por fila no disponible,Estadistica Todas las Cadenas Cierre de Julio 2026.xlsx,BAASE,4936,W4936,ae8b80be07cf961a90ac6302057db234a73c516c429e271e0dff1f5cf8d55a4f,2024=Base del cierre 2024; 2025-2026=BAASE del cierre julio 2026; solo Walmart + familia FENDI.
Towell,Walmart,WM,FENDI BD / familia FENDI en Walmart,7501897813146,101285357,7501897813146,Toalla Mb Fendi Azul,Pedido,pieza (provisional; la tabla no contiene columna Unidad),2025-09,12558.0,False,False,cierre julio 2026 indicado por nombre del archivo; estado por fila no disponible,Estadistica Todas las Cadenas Cierre de Julio 2026.xlsx,BAASE,5555,W5555,4fb812f9ae5ddcfdbcb756c71c21eb22368144649a94bbb3bea50a2002a67c0c,2024=Base del cierre 2024; 2025-2026=BAASE del cierre julio 2026; solo Walmart + familia FENDI.
Towell,Walmart,WM,FENDI BD / familia FENDI en Walmart,7501897813146,101285357,7501897813146,Toalla Mb Fendi Azul,Pedido,pieza (provisional; la tabla no contiene columna Unidad),2025-10,13302.0,False,False,cierre julio 2026 indicado por nombre del archivo; estado por fila no disponible,Estadistica Todas las Cadenas Cierre de Julio 2026.xlsx,BAASE,6174,W6174,a9be98d66e5926f675229f97d51e30ab0efd1f55cd1d76e4e2baec0919e5cb1e,2024=Base del cierre 2024; 2025-2026=BAASE del cierre julio 2026; solo Walmart + familia FENDI.
Towell,Walmart,WM,FENDI BD / familia FENDI en Walmart,7501897813146,101285357,7501897813146,Toalla Mb Fendi Azul,Pedido,pieza (provisional; la tabla no contiene columna Unidad),2025-11,16848.0,False,False,cierre julio 2026 indicado por nombre del archivo; estado por fila no disponible,Estadistica Todas las Cadenas Cierre de Julio 2026.xlsx,BAASE,6793,W6793,8e79b9f0454fd4876f50afe9a4796c9840362cca1575091ce0080865ec9a5e58,2024=Base del cierre 2024; 2025-2026=BAASE del cierre julio 2026; solo Walmart + familia FENDI.
Towell,Walmart,WM,FENDI BD / familia FENDI en Walmart,7501897813146,101285357,7501897813146,Toalla Mb Fendi Azul,Pedido,pieza (provisional; la tabla no contiene columna Unidad),2025-12,12324.0,False,False,cierre julio 2026 indicado por nombre del archivo; estado por fila no disponible,Estadistica Todas las Cadenas Cierre de Julio 2026.xlsx,BAASE,7412,W7412,a9e2d0f6b057e50515a25e0b7dd9d124ac5cf61363541972f88885cd299e3529,2024=Base del cierre 2024; 2025-2026=BAASE del cierre julio 2026; solo Walmart + familia FENDI.
Towell,Walmart,WM,FENDI BD / familia FENDI en Walmart,7501897813146,101285357,7501897813146,Toalla Mb Fendi Azul,Pedido,pieza (provisional; la tabla no contiene columna Unidad),2026-01,17604.0,False,False,cierre julio 2026 indicado por nombre del archivo; estado por fila no disponible,Estadistica Todas las Cadenas Cierre de Julio 2026.xlsx,BAASE,7982,W7982,c851b68c8bf25b1d2d12ee4f77e0b6a5f1940b0511abb86f85725347b24eb653,2024=Base del cierre 2024; 2025-2026=BAASE del cierre julio 2026; solo Walmart + familia FENDI.
Towell,Walmart,WM,FENDI BD / familia FENDI en Walmart,7501897813146,101285357,7501897813146,Toalla Mb Fendi Azul,Pedido,pieza (provisional; la tabla no contiene columna Unidad),2026-02,12150.0,False,False,cierre julio 2026 indicado por nombre del archivo; estado por fila no disponible,Estadistica Todas las Cadenas Cierre de Julio 2026.xlsx,BAASE,8561,W8561,5df171d0353223802f093a07115a1be666ad7d159c26f692dda80fb9f7d28457,2024=Base del cierre 2024; 2025-2026=BAASE del cierre julio 2026; solo Walmart + familia FENDI.
Towell,Walmart,WM,FENDI BD / familia FENDI en Walmart,7501897813146,101285357,7501897813146,Toalla Mb Fendi Azul,Pedido,pieza (provisional; la tabla no contiene columna Unidad),2026-03,11436.0,False,False,cierre julio 2026 indicado por nombre del archivo; estado por fila no disponible,Estadistica Todas las Cadenas Cierre de Julio 2026.xlsx,BAASE,9140,W9140,99e268e0121b990e0cfd4ce828e085f994128e57f57008776c939f9df33a2603,2024=Base del cierre 2024; 2025-2026=BAASE del cierre julio 2026; solo Walmart + familia FENDI.
Towell,Walmart,WM,FENDI BD / familia FENDI en Walmart,7501897813146,101285357,7501897813146,Toalla Mb Fendi Azul,Pedido,pieza (provisional; la tabla no contiene columna Unidad),2026-04,7002.0,False,False,cierre julio 2026 indicado por nombre del archivo; estado por fila no disponible,Estadistica Todas las Cadenas Cierre de Julio 2026.xlsx,BAASE,9719,W9719,0781d819afb353e9681fa27fb48105a0c24f4831b10f46fd7f4f3eaf54ded620,2024=Base del cierre 2024; 2025-2026=BAASE del cierre julio 2026; solo Walmart + familia FENDI.
Towell,Walmart,WM,FENDI BD / familia FENDI en Walmart,7501897813146,101285357,7501897813146,Toalla Mb Fendi Azul,Pedido,pieza (provisional; la tabla no contiene columna Unidad),2026-05,9108.0,False,False,cierre julio 2026 indicado por nombre del archivo; estado por fila no disponible,Estadistica Todas las Cadenas Cierre de Julio 2026.xlsx,BAASE,10298,W10298,8563709f6569ff640ab97d320d999ec82ce76a02d96e1dde83a1732dc583cfd1,2024=Base del cierre 2024; 2025-2026=BAASE del cierre julio 2026; solo Walmart + familia FENDI.
Towell,Walmart,WM,FENDI BD / familia FENDI en Walmart,7501897813146,101285357,7501897813146,Toalla Mb Fendi Azul,Pedido,pieza (provisional; la tabla no contiene columna Unidad),2026-06,4560.0,False,False,cierre julio 2026 indicado por nombre del archivo; estado por fila no disponible,Estadistica Todas las Cadenas Cierre de Julio 2026.xlsx,BAASE,10877,W10877,cf22e36e2f71a1aa45e9852053af15034daa1830bb4acd21a046245a1dc977e1,2024=Base del cierre 2024; 2025-2026=BAASE del cierre julio 2026; solo Walmart + familia FENDI.
Towell,Walmart,WM,FENDI BD / familia FENDI en Walmart,7501897813146,101285357,7501897813146,Toalla Mb Fendi Azul,Pedido,pieza (provisional; la tabla no contiene columna Unidad),2026-07,10098.0,False,False,cierre julio 2026 indicado por nombre del archivo; estado por fila no disponible,Estadistica Todas las Cadenas Cierre de Julio 2026.xlsx,BAASE,11456,W11456,d38a8c1c8863551452b7ec902d65989b112ddbcfb609deb6fd56bd61b86c1293,2024=Base del cierre 2024; 2025-2026=BAASE del cierre julio 2026; solo Walmart + familia FENDI.
Towell,Walmart,WM,FENDI BD / familia FENDI en Walmart,7501897813153,101285351,7501897813153,TOALLA MB FENDI AQUA,Pedido,eaches/piezas (provisional por encabezado; confirmar unidad oficial),2024-01,0.0,True,False,no documentado en fuente,Estadistica Venta Resurtible WM 2024 Dic 2024.xlsx,Base,110,I110,4e08841817cb7c7a4c0434cb5799b141f9c18e89ecd9a7584b630ce6507d2438,2024=Base del cierre 2024; 2025-2026=BAASE del cierre julio 2026; solo Walmart + familia FENDI.
Towell,Walmart,WM,FENDI BD / familia FENDI en Walmart,7501897813153,101285351,7501897813153,TOALLA MB FENDI AQUA,Pedido,eaches/piezas (provisional por encabezado; confirmar unidad oficial),2024-02,0.0,True,False,no documentado en fuente,Estadistica Venta Resurtible WM 2024 Dic 2024.xlsx,Base,110,N110,cd5a2d40831bc7ef34b26203c3539779e7fb1cf55e8a1b55d022cd1672450dce,2024=Base del cierre 2024; 2025-2026=BAASE del cierre julio 2026; solo Walmart + familia FENDI.
Towell,Walmart,WM,FENDI BD / familia FENDI en Walmart,7501897813153,101285351,7501897813153,TOALLA MB FENDI AQUA,Pedido,eaches/piezas (provisional por encabezado; confirmar unidad oficial),2024-03,0.0,True,False,no documentado en fuente,Estadistica Venta Resurtible WM 2024 Dic 2024.xlsx,Base,110,S110,b44a579fc7f54894c548acfdff815555867844ed35614979125521873337a086,2024=Base del cierre 2024; 2025-2026=BAASE del cierre julio 2026; solo Walmart + familia FENDI.
Towell,Walmart,WM,FENDI BD / familia FENDI en Walmart,7501897813153,101285351,7501897813153,TOALLA MB FENDI AQUA,Pedido,eaches/piezas (provisional por encabezado; confirmar unidad oficial),2024-04,0.0,True,False,no documentado en fuente,Estadistica Venta Resurtible WM 2024 Dic 2024.xlsx,Base,110,X110,1f4d12fed6e7c2daf886cf616317cbe684e4439f23e880830be10d7a091a4ea8,2024=Base del cierre 2024; 2025-2026=BAASE del cierre julio 2026; solo Walmart + familia FENDI.
Towell,Walmart,WM,FENDI BD / familia FENDI en Walmart,7501897813153,101285351,7501897813153,TOALLA MB FENDI AQUA,Pedido,eaches/piezas (provisional por encabezado; confirmar unidad oficial),2024-05,0.0,True,False,no documentado en fuente,Estadistica Venta Resurtible WM 2024 Dic 2024.xlsx,Base,110,AC110,fcdaf2ecd46b8c9f97e3cb2f5e90ec46bbe16b95f53571cdf473dfd7633fd37f,2024=Base del cierre 2024; 2025-2026=BAASE del cierre julio 2026; solo Walmart + familia FENDI.
Towell,Walmart,WM,FENDI BD / familia FENDI en Walmart,7501897813153,101285351,7501897813153,TOALLA MB FENDI AQUA,Pedido,eaches/piezas (provisional por encabezado; confirmar unidad oficial),2024-06,0.0,True,False,no documentado en fuente,Estadistica Venta Resurtible WM 2024 Dic 2024.xlsx,Base,110,AH110,862ea17e368bf72778c7bddf2bae7f513344e7e9542109c197182c45d1f64911,2024=Base del cierre 2024; 2025-2026=BAASE del cierre julio 2026; solo Walmart + familia FENDI.
Towell,Walmart,WM,FENDI BD / familia FENDI en Walmart,7501897813153,101285351,7501897813153,TOALLA MB FENDI AQUA,Pedido,eaches/piezas (provisional por encabezado; confirmar unidad oficial),2024-07,0.0,True,False,no documentado en fuente,Estadistica Venta Resurtible WM 2024 Dic 2024.xlsx,Base,110,AM110,f30cd0b159b9b8a80313c60418c36b0cb77c9bf2e58e60882b47f05bf04b6b76,2024=Base del cierre 2024; 2025-2026=BAASE del cierre julio 2026; solo Walmart + familia FENDI.
Towell,Walmart,WM,FENDI BD / familia FENDI en Walmart,7501897813153,101285351,7501897813153,TOALLA MB FENDI AQUA,Pedido,eaches/piezas (provisional por encabezado; confirmar unidad oficial),2024-08,0.0,True,False,no documentado en fuente,Estadistica Venta Resurtible WM 2024 Dic 2024.xlsx,Base,110,AR110,b755b6e8ca440486c9c3da4e4f068876b7420face69bdba333bc67489246735b,2024=Base del cierre 2024; 2025-2026=BAASE del cierre julio 2026; solo Walmart + familia FENDI.
Towell,Walmart,WM,FENDI BD / familia FENDI en Walmart,7501897813153,101285351,7501897813153,TOALLA MB FENDI AQUA,Pedido,eaches/piezas (provisional por encabezado; confirmar unidad oficial),2024-09,9414.0,False,False,no documentado en fuente,Estadistica Venta Resurtible WM 2024 Dic 2024.xlsx,Base,110,AW110,1b9a5ef027b5b063c7fc5f2a639fdaa26a81712f670f30ed80d6068f7d5a7fc0,2024=Base del cierre 2024; 2025-2026=BAASE del cierre julio 2026; solo Walmart + familia FENDI.
Towell,Walmart,WM,FENDI BD / familia FENDI en Walmart,7501897813153,101285351,7501897813153,TOALLA MB FENDI AQUA,Pedido,eaches/piezas (provisional por encabezado; confirmar unidad oficial),2024-10,5562.0,False,False,no documentado en fuente,Estadistica Venta Resurtible WM 2024 Dic 2024.xlsx,Base,110,BB110,ac59f29147d37768182fbf82314ec63e8f7f95f8382e9c00db4ad3a09e38d1e9,2024=Base del cierre 2024; 2025-2026=BAASE del cierre julio 2026; solo Walmart + familia FENDI.
Towell,Walmart,WM,FENDI BD / familia FENDI en Walmart,7501897813153,101285351,7501897813153,TOALLA MB FENDI AQUA,Pedido,eaches/piezas (provisional por encabezado; confirmar unidad oficial),2024-11,8220.0,False,False,no documentado en fuente,Estadistica Venta Resurtible WM 2024 Dic 2024.xlsx,Base,110,BG110,51d7792c203e11c2ad49d5bcf1489a5772fac7a91bfe2fa67f333ed52a38ce6e,2024=Base del cierre 2024; 2025-2026=BAASE del cierre julio 2026; solo Walmart + familia FENDI.
Towell,Walmart,WM,FENDI BD / familia FENDI en Walmart,7501897813153,101285351,7501897813153,TOALLA MB FENDI AQUA,Pedido,eaches/piezas (provisional por encabezado; confirmar unidad oficial),2024-12,3444.0,False,False,no documentado en fuente,Estadistica Venta Resurtible WM 2024 Dic 2024.xlsx,Base,110,BL110,7c59eea16f9350249bf33839412487d5c4a12e6cff51e163d59ba2bda2570355,2024=Base del cierre 2024; 2025-2026=BAASE del cierre julio 2026; solo Walmart + familia FENDI.
Towell,Walmart,WM,FENDI BD / familia FENDI en Walmart,7501897813153,101285351,7501897813153,Toalla Mb Fendi Aqua,Pedido,pieza (provisional; la tabla no contiene columna Unidad),2025-01,7404.0,False,False,cierre julio 2026 indicado por nombre del archivo; estado por fila no disponible,Estadistica Todas las Cadenas Cierre de Julio 2026.xlsx,BAASE,593,W593,03c3bfcc1036d1b414ecd135ca7bde991288b3203c3f1e7445b23ba22bf30122,2024=Base del cierre 2024; 2025-2026=BAASE del cierre julio 2026; solo Walmart + familia FENDI.
Towell,Walmart,WM,FENDI BD / familia FENDI en Walmart,7501897813153,101285351,7501897813153,Toalla Mb Fendi Aqua,Pedido,pieza (provisional; la tabla no contiene columna Unidad),2025-02,4404.0,False,False,cierre julio 2026 indicado por nombre del archivo; estado por fila no disponible,Estadistica Todas las Cadenas Cierre de Julio 2026.xlsx,BAASE,1214,W1214,a0b44f0237b45f573213db293326f4a930e88d2906b83369ba07fe57b68c08db,2024=Base del cierre 2024; 2025-2026=BAASE del cierre julio 2026; solo Walmart + familia FENDI.
Towell,Walmart,WM,FENDI BD / familia FENDI en Walmart,7501897813153,101285351,7501897813153,Toalla Mb Fendi Aqua,Pedido,pieza (provisional; la tabla no contiene columna Unidad),2025-03,3684.0,False,False,cierre julio 2026 indicado por nombre del archivo; estado por fila no disponible,Estadistica Todas las Cadenas Cierre de Julio 2026.xlsx,BAASE,1836,W1836,e3b1ee0b3ffc59ad13d59a0042f7762d1738b346c1c58dc6dc49014c9fcd3aac,2024=Base del cierre 2024; 2025-2026=BAASE del cierre julio 2026; solo Walmart + familia FENDI.
Towell,Walmart,WM,FENDI BD / familia FENDI en Walmart,7501897813153,101285351,7501897813153,Toalla Mb Fendi Aqua,Pedido,pieza (provisional; la tabla no contiene columna Unidad),2025-04,10224.0,False,False,cierre julio 2026 indicado por nombre del archivo; estado por fila no disponible,Estadistica Todas las Cadenas Cierre de Julio 2026.xlsx,BAASE,2455,W2455,a0094ba0fa5ac951b2bedad6a3eca63bef891423868f1037b4464ff0408bc26b,2024=Base del cierre 2024; 2025-2026=BAASE del cierre julio 2026; solo Walmart + familia FENDI.
Towell,Walmart,WM,FENDI BD / familia FENDI en Walmart,7501897813153,101285351,7501897813153,Toalla Mb Fendi Aqua,Pedido,pieza (provisional; la tabla no contiene columna Unidad),2025-05,11796.0,False,False,cierre julio 2026 indicado por nombre del archivo; estado por fila no disponible,Estadistica Todas las Cadenas Cierre de Julio 2026.xlsx,BAASE,3074,W3074,07a6a0b36db8ea9f038a17d493dddcc257d86cac5ded03d277d5985315c74aa3,2024=Base del cierre 2024; 2025-2026=BAASE del cierre julio 2026; solo Walmart + familia FENDI.
Towell,Walmart,WM,FENDI BD / familia FENDI en Walmart,7501897813153,101285351,7501897813153,Toalla Mb Fendi Aqua,Pedido,pieza (provisional; la tabla no contiene columna Unidad),2025-06,7140.0,False,False,cierre julio 2026 indicado por nombre del archivo; estado por fila no disponible,Estadistica Todas las Cadenas Cierre de Julio 2026.xlsx,BAASE,3696,W3696,8aee20d6b269573c6313dc379acd5c8b49ced44e943b25a65fcc253908b5c849,2024=Base del cierre 2024; 2025-2026=BAASE del cierre julio 2026; solo Walmart + familia FENDI.
Towell,Walmart,WM,FENDI BD / familia FENDI en Walmart,7501897813153,101285351,7501897813153,Toalla Mb Fendi Aqua,Pedido,pieza (provisional; la tabla no contiene columna Unidad),2025-07,7836.0,False,False,cierre julio 2026 indicado por nombre del archivo; estado por fila no disponible,Estadistica Todas las Cadenas Cierre de Julio 2026.xlsx,BAASE,4318,W4318,34b70c423bf942149a0c2b405f2c9c43f1dde5619b46d1864e2c3f1845771327,2024=Base del cierre 2024; 2025-2026=BAASE del cierre julio 2026; solo Walmart + familia FENDI.
Towell,Walmart,WM,FENDI BD / familia FENDI en Walmart,7501897813153,101285351,7501897813153,Toalla Mb Fendi Aqua,Pedido,pieza (provisional; la tabla no contiene columna Unidad),2025-08,10560.0,False,False,cierre julio 2026 indicado por nombre del archivo; estado por fila no disponible,Estadistica Todas las Cadenas Cierre de Julio 2026.xlsx,BAASE,4937,W4937,600937cd824bcbc1e9099a3ae74bcc67d410a22c5b292d55bf724bdaef71f4a2,2024=Base del cierre 2024; 2025-2026=BAASE del cierre julio 2026; solo Walmart + familia FENDI.
Towell,Walmart,WM,FENDI BD / familia FENDI en Walmart,7501897813153,101285351,7501897813153,Toalla Mb Fendi Aqua,Pedido,pieza (provisional; la tabla no contiene columna Unidad),2025-09,6156.0,False,False,cierre julio 2026 indicado por nombre del archivo; estado por fila no disponible,Estadistica Todas las Cadenas Cierre de Julio 2026.xlsx,BAASE,5556,W5556,7f5616141cd2ec01e2e307deb1ae06a1c2c60fa619dd39100a196a682f2dc4e8,2024=Base del cierre 2024; 2025-2026=BAASE del cierre julio 2026; solo Walmart + familia FENDI.
Towell,Walmart,WM,FENDI BD / familia FENDI en Walmart,7501897813153,101285351,7501897813153,Toalla Mb Fendi Aqua,Pedido,pieza (provisional; la tabla no contiene columna Unidad),2025-10,7728.0,False,False,cierre julio 2026 indicado por nombre del archivo; estado por fila no disponible,Estadistica Todas las Cadenas Cierre de Julio 2026.xlsx,BAASE,6175,W6175,a592b77a1cb33d771502d6285935ec0a1d76a391736404e945a52c2ef29e5a24,2024=Base del cierre 2024; 2025-2026=BAASE del cierre julio 2026; solo Walmart + familia FENDI.
Towell,Walmart,WM,FENDI BD / familia FENDI en Walmart,7501897813153,101285351,7501897813153,Toalla Mb Fendi Aqua,Pedido,pieza (provisional; la tabla no contiene columna Unidad),2025-11,7044.0,False,False,cierre julio 2026 indicado por nombre del archivo; estado por fila no disponible,Estadistica Todas las Cadenas Cierre de Julio 2026.xlsx,BAASE,6794,W6794,b922227418472ff163bcec879888edeaf3685cfaca30971cf698cfc4a9ff4732,2024=Base del cierre 2024; 2025-2026=BAASE del cierre julio 2026; solo Walmart + familia FENDI.
Towell,Walmart,WM,FENDI BD / familia FENDI en Walmart,7501897813153,101285351,7501897813153,Toalla Mb Fendi Aqua,Pedido,pieza (provisional; la tabla no contiene columna Unidad),2025-12,11928.0,False,False,cierre julio 2026 indicado por nombre del archivo; estado por fila no disponible,Estadistica Todas las Cadenas Cierre de Julio 2026.xlsx,BAASE,7413,W7413,6e2fd481377f7a800796116e2722c33b27575fbfecf13d24dd39af4c7e6ea43c,2024=Base del cierre 2024; 2025-2026=BAASE del cierre julio 2026; solo Walmart + familia FENDI.
Towell,Walmart,WM,FENDI BD / familia FENDI en Walmart,7501897813153,101285351,7501897813153,Toalla Mb Fendi Aqua,Pedido,pieza (provisional; la tabla no contiene columna Unidad),2026-01,20466.0,False,False,cierre julio 2026 indicado por nombre del archivo; estado por fila no disponible,Estadistica Todas las Cadenas Cierre de Julio 2026.xlsx,BAASE,7983,W7983,eff57db6148dff2f1bfeaa1f24a38791eb2f2a7db39a2b0a95e8b80873399f29,2024=Base del cierre 2024; 2025-2026=BAASE del cierre julio 2026; solo Walmart + familia FENDI.
Towell,Walmart,WM,FENDI BD / familia FENDI en Walmart,7501897813153,101285351,7501897813153,Toalla Mb Fendi Aqua,Pedido,pieza (provisional; la tabla no contiene columna Unidad),2026-02,10296.0,False,False,cierre julio 2026 indicado por nombre del archivo; estado por fila no disponible,Estadistica Todas las Cadenas Cierre de Julio 2026.xlsx,BAASE,8562,W8562,fa38056d53d18fc1ba159e4de88dc641664b4ce9ff88ffe2bf502ee3d1b6f60f,2024=Base del cierre 2024; 2025-2026=BAASE del cierre julio 2026; solo Walmart + familia FENDI.
Towell,Walmart,WM,FENDI BD / familia FENDI en Walmart,7501897813153,101285351,7501897813153,Toalla Mb Fendi Aqua,Pedido,pieza (provisional; la tabla no contiene columna Unidad),2026-03,12954.0,False,False,cierre julio 2026 indicado por nombre del archivo; estado por fila no disponible,Estadistica Todas las Cadenas Cierre de Julio 2026.xlsx,BAASE,9141,W9141,af39e8319e9a029c508fe9e7dba0589a6f8301caf9f45bae3f4ee579d12f9620,2024=Base del cierre 2024; 2025-2026=BAASE del cierre julio 2026; solo Walmart + familia FENDI.
Towell,Walmart,WM,FENDI BD / familia FENDI en Walmart,7501897813153,101285351,7501897813153,Toalla Mb Fendi Aqua,Pedido,pieza (provisional; la tabla no contiene columna Unidad),2026-04,8232.0,False,False,cierre julio 2026 indicado por nombre del archivo; estado por fila no disponible,Estadistica Todas las Cadenas Cierre de Julio 2026.xlsx,BAASE,9720,W9720,5ff04c5bc689739b2f8a224a3414a4581d638e2abcc58ec07728eac9c676a3ed,2024=Base del cierre 2024; 2025-2026=BAASE del cierre julio 2026; solo Walmart + familia FENDI.
Towell,Walmart,WM,FENDI BD / familia FENDI en Walmart,7501897813153,101285351,7501897813153,Toalla Mb Fendi Aqua,Pedido,pieza (provisional; la tabla no contiene columna Unidad),2026-05,10572.0,False,False,cierre julio 2026 indicado por nombre del archivo; estado por fila no disponible,Estadistica Todas las Cadenas Cierre de Julio 2026.xlsx,BAASE,10299,W10299,73da2d30393e37efdacd37e8170ba12a8b641cf5c619f00a91dd41427a67cc7f,2024=Base del cierre 2024; 2025-2026=BAASE del cierre julio 2026; solo Walmart + familia FENDI.
Towell,Walmart,WM,FENDI BD / familia FENDI en Walmart,7501897813153,101285351,7501897813153,Toalla Mb Fendi Aqua,Pedido,pieza (provisional; la tabla no contiene columna Unidad),2026-06,5466.0,False,False,cierre julio 2026 indicado por nombre del archivo; estado por fila no disponible,Estadistica Todas las Cadenas Cierre de Julio 2026.xlsx,BAASE,10878,W10878,19d92c1e127f71f0b69e36534a2541b18e0891fdb8865e1881e9842d33db49fd,2024=Base del cierre 2024; 2025-2026=BAASE del cierre julio 2026; solo Walmart + familia FENDI.
Towell,Walmart,WM,FENDI BD / familia FENDI en Walmart,7501897813153,101285351,7501897813153,Toalla Mb Fendi Aqua,Pedido,pieza (provisional; la tabla no contiene columna Unidad),2026-07,10950.0,False,False,cierre julio 2026 indicado por nombre del archivo; estado por fila no disponible,Estadistica Todas las Cadenas Cierre de Julio 2026.xlsx,BAASE,11457,W11457,35c41194674dd74fc3ac55ab1929ac2e2821a5b9dd1f7286253bd7c42338e894,2024=Base del cierre 2024; 2025-2026=BAASE del cierre julio 2026; solo Walmart + familia FENDI.
Towell,Walmart,WM,FENDI BD / familia FENDI en Walmart,7501897813160,101285355,7501897813160,TOALLA MB FENDI GRIS,Pedido,eaches/piezas (provisional por encabezado; confirmar unidad oficial),2024-01,0.0,True,False,no documentado en fuente,Estadistica Venta Resurtible WM 2024 Dic 2024.xlsx,Base,113,I113,98711d04f6553459c7d8fcbe6abd5b8f3aed3f72ef7a4408a3ced9582bc3ecfa,2024=Base del cierre 2024; 2025-2026=BAASE del cierre julio 2026; solo Walmart + familia FENDI.
Towell,Walmart,WM,FENDI BD / familia FENDI en Walmart,7501897813160,101285355,7501897813160,TOALLA MB FENDI GRIS,Pedido,eaches/piezas (provisional por encabezado; confirmar unidad oficial),2024-02,0.0,True,False,no documentado en fuente,Estadistica Venta Resurtible WM 2024 Dic 2024.xlsx,Base,113,N113,c5b9276d02033ef70b063e7a4286531c3c796bd2d36b2c673dc7fc07902ddb65,2024=Base del cierre 2024; 2025-2026=BAASE del cierre julio 2026; solo Walmart + familia FENDI.
Towell,Walmart,WM,FENDI BD / familia FENDI en Walmart,7501897813160,101285355,7501897813160,TOALLA MB FENDI GRIS,Pedido,eaches/piezas (provisional por encabezado; confirmar unidad oficial),2024-03,0.0,True,False,no documentado en fuente,Estadistica Venta Resurtible WM 2024 Dic 2024.xlsx,Base,113,S113,b7063babcec2b9f2e7fb445d58bbc01fe4edc7667a3b0a4619d8bf7bd848cc4a,2024=Base del cierre 2024; 2025-2026=BAASE del cierre julio 2026; solo Walmart + familia FENDI.
Towell,Walmart,WM,FENDI BD / familia FENDI en Walmart,7501897813160,101285355,7501897813160,TOALLA MB FENDI GRIS,Pedido,eaches/piezas (provisional por encabezado; confirmar unidad oficial),2024-04,0.0,True,False,no documentado en fuente,Estadistica Venta Resurtible WM 2024 Dic 2024.xlsx,Base,113,X113,b815bc4dfe6e2d8d71af1ebec28d22c8808f6fc3127b1097e292fdb5785cb8a2,2024=Base del cierre 2024; 2025-2026=BAASE del cierre julio 2026; solo Walmart + familia FENDI.
Towell,Walmart,WM,FENDI BD / familia FENDI en Walmart,7501897813160,101285355,7501897813160,TOALLA MB FENDI GRIS,Pedido,eaches/piezas (provisional por encabezado; confirmar unidad oficial),2024-05,0.0,True,False,no documentado en fuente,Estadistica Venta Resurtible WM 2024 Dic 2024.xlsx,Base,113,AC113,6f801efb8f4596ac5152400287758f446044fd766879783880139e98e54d72b9,2024=Base del cierre 2024; 2025-2026=BAASE del cierre julio 2026; solo Walmart + familia FENDI.
Towell,Walmart,WM,FENDI BD / familia FENDI en Walmart,7501897813160,101285355,7501897813160,TOALLA MB FENDI GRIS,Pedido,eaches/piezas (provisional por encabezado; confirmar unidad oficial),2024-06,0.0,True,False,no documentado en fuente,Estadistica Venta Resurtible WM 2024 Dic 2024.xlsx,Base,113,AH113,dfa038247307eb7e7982b5bd4fadaa23152d80fb701d5e62494d8aa5c31f6756,2024=Base del cierre 2024; 2025-2026=BAASE del cierre julio 2026; solo Walmart + familia FENDI.
Towell,Walmart,WM,FENDI BD / familia FENDI en Walmart,7501897813160,101285355,7501897813160,TOALLA MB FENDI GRIS,Pedido,eaches/piezas (provisional por encabezado; confirmar unidad oficial),2024-07,0.0,True,False,no documentado en fuente,Estadistica Venta Resurtible WM 2024 Dic 2024.xlsx,Base,113,AM113,2b821158390e8189ba52b3f6b8c2818feabc2f385f44d13b0a6527d09aa64bb6,2024=Base del cierre 2024; 2025-2026=BAASE del cierre julio 2026; solo Walmart + familia FENDI.
Towell,Walmart,WM,FENDI BD / familia FENDI en Walmart,7501897813160,101285355,7501897813160,TOALLA MB FENDI GRIS,Pedido,eaches/piezas (provisional por encabezado; confirmar unidad oficial),2024-08,0.0,True,False,no documentado en fuente,Estadistica Venta Resurtible WM 2024 Dic 2024.xlsx,Base,113,AR113,5625eee4baf0b9af3fa324b938c5071b8ff4f0f7942ed712a35ae6e7b7527294,2024=Base del cierre 2024; 2025-2026=BAASE del cierre julio 2026; solo Walmart + familia FENDI.
Towell,Walmart,WM,FENDI BD / familia FENDI en Walmart,7501897813160,101285355,7501897813160,TOALLA MB FENDI GRIS,Pedido,eaches/piezas (provisional por encabezado; confirmar unidad oficial),2024-09,9408.0,False,False,no documentado en fuente,Estadistica Venta Resurtible WM 2024 Dic 2024.xlsx,Base,113,AW113,212d0a79c402c96115cde9d64b47a4159c787714eb2472594db9f6256a643df4,2024=Base del cierre 2024; 2025-2026=BAASE del cierre julio 2026; solo Walmart + familia FENDI.
Towell,Walmart,WM,FENDI BD / familia FENDI en Walmart,7501897813160,101285355,7501897813160,TOALLA MB FENDI GRIS,Pedido,eaches/piezas (provisional por encabezado; confirmar unidad oficial),2024-10,5154.0,False,False,no documentado en fuente,Estadistica Venta Resurtible WM 2024 Dic 2024.xlsx,Base,113,BB113,be4830cf95d980f99b6b7546033f387352d4aa059cd2ac63db7d93a92ac7508d,2024=Base del cierre 2024; 2025-2026=BAASE del cierre julio 2026; solo Walmart + familia FENDI.
Towell,Walmart,WM,FENDI BD / familia FENDI en Walmart,7501897813160,101285355,7501897813160,TOALLA MB FENDI GRIS,Pedido,eaches/piezas (provisional por encabezado; confirmar unidad oficial),2024-11,7776.0,False,False,no documentado en fuente,Estadistica Venta Resurtible WM 2024 Dic 2024.xlsx,Base,113,BG113,0b4d33833e0e2999c1ac26affa823f2b67e563bb525f5587aca634eb29c83717,2024=Base del cierre 2024; 2025-2026=BAASE del cierre julio 2026; solo Walmart + familia FENDI.
Towell,Walmart,WM,FENDI BD / familia FENDI en Walmart,7501897813160,101285355,7501897813160,TOALLA MB FENDI GRIS,Pedido,eaches/piezas (provisional por encabezado; confirmar unidad oficial),2024-12,2892.0,False,False,no documentado en fuente,Estadistica Venta Resurtible WM 2024 Dic 2024.xlsx,Base,113,BL113,acf7f29a8a6dd0f52203aae84b0c41b2b432d53a715579589a382d1b3f8ef620,2024=Base del cierre 2024; 2025-2026=BAASE del cierre julio 2026; solo Walmart + familia FENDI.
Towell,Walmart,WM,FENDI BD / familia FENDI en Walmart,7501897813160,101285355,7501897813160,Toalla Mb Fendi Gris,Pedido,pieza (provisional; la tabla no contiene columna Unidad),2025-01,6600.0,False,False,cierre julio 2026 indicado por nombre del archivo; estado por fila no disponible,Estadistica Todas las Cadenas Cierre de Julio 2026.xlsx,BAASE,594,W594,5d5bf2c5554333d0a7b4516c719b1ee9514462b5bf5c7747ed62cc16d9e0af51,2024=Base del cierre 2024; 2025-2026=BAASE del cierre julio 2026; solo Walmart + familia FENDI.
Towell,Walmart,WM,FENDI BD / familia FENDI en Walmart,7501897813160,101285355,7501897813160,Toalla Mb Fendi Gris,Pedido,pieza (provisional; la tabla no contiene columna Unidad),2025-02,4320.0,False,False,cierre julio 2026 indicado por nombre del archivo; estado por fila no disponible,Estadistica Todas las Cadenas Cierre de Julio 2026.xlsx,BAASE,1215,W1215,c117a0bb232afee9173a6f1475b19c54a706a9a30ffa90b8c5009be2fd8fa305,2024=Base del cierre 2024; 2025-2026=BAASE del cierre julio 2026; solo Walmart + familia FENDI.
Towell,Walmart,WM,FENDI BD / familia FENDI en Walmart,7501897813160,101285355,7501897813160,Toalla Mb Fendi Gris,Pedido,pieza (provisional; la tabla no contiene columna Unidad),2025-03,2940.0,False,False,cierre julio 2026 indicado por nombre del archivo; estado por fila no disponible,Estadistica Todas las Cadenas Cierre de Julio 2026.xlsx,BAASE,1837,W1837,f9d7ebe38e7fd2ec0c2bacf8756fe9db1bba9985543f6c2f2eec7173329d60df,2024=Base del cierre 2024; 2025-2026=BAASE del cierre julio 2026; solo Walmart + familia FENDI.
Towell,Walmart,WM,FENDI BD / familia FENDI en Walmart,7501897813160,101285355,7501897813160,Toalla Mb Fendi Gris,Pedido,pieza (provisional; la tabla no contiene columna Unidad),2025-04,4740.0,False,False,cierre julio 2026 indicado por nombre del archivo; estado por fila no disponible,Estadistica Todas las Cadenas Cierre de Julio 2026.xlsx,BAASE,2456,W2456,c3974c8d0dab7432caa29130ccf551922752bfef1ec2e7e7acbb3e505fff4328,2024=Base del cierre 2024; 2025-2026=BAASE del cierre julio 2026; solo Walmart + familia FENDI.
Towell,Walmart,WM,FENDI BD / familia FENDI en Walmart,7501897813160,101285355,7501897813160,Toalla Mb Fendi Gris,Pedido,pieza (provisional; la tabla no contiene columna Unidad),2025-05,2328.0,False,False,cierre julio 2026 indicado por nombre del archivo; estado por fila no disponible,Estadistica Todas las Cadenas Cierre de Julio 2026.xlsx,BAASE,3075,W3075,12c96d0b7f7c093bb81edc4cada9cf2ed27cbedc3e56e7ee513b79dc11e4dc65,2024=Base del cierre 2024; 2025-2026=BAASE del cierre julio 2026; solo Walmart + familia FENDI.
Towell,Walmart,WM,FENDI BD / familia FENDI en Walmart,7501897813160,101285355,7501897813160,Toalla Mb Fendi Gris,Pedido,pieza (provisional; la tabla no contiene columna Unidad),2025-06,3240.0,False,False,cierre julio 2026 indicado por nombre del archivo; estado por fila no disponible,Estadistica Todas las Cadenas Cierre de Julio 2026.xlsx,BAASE,3697,W3697,16aa7975a84306bc7fe18387aac459244f05d88130112a3cd8f40a9b18a63d22,2024=Base del cierre 2024; 2025-2026=BAASE del cierre julio 2026; solo Walmart + familia FENDI.
Towell,Walmart,WM,FENDI BD / familia FENDI en Walmart,7501897813160,101285355,7501897813160,Toalla Mb Fendi Gris,Pedido,pieza (provisional; la tabla no contiene columna Unidad),2025-07,5412.0,False,False,cierre julio 2026 indicado por nombre del archivo; estado por fila no disponible,Estadistica Todas las Cadenas Cierre de Julio 2026.xlsx,BAASE,4319,W4319,7166dcb7c5410e1411604f125e7cfc56e75d40de52a1bcd97e09eef71e3e1d0f,2024=Base del cierre 2024; 2025-2026=BAASE del cierre julio 2026; solo Walmart + familia FENDI.
Towell,Walmart,WM,FENDI BD / familia FENDI en Walmart,7501897813160,101285355,7501897813160,Toalla Mb Fendi Gris,Pedido,pieza (provisional; la tabla no contiene columna Unidad),2025-08,7260.0,False,False,cierre julio 2026 indicado por nombre del archivo; estado por fila no disponible,Estadistica Todas las Cadenas Cierre de Julio 2026.xlsx,BAASE,4938,W4938,f53de61679e7e1234a2232b37a5329c04c156f9d0483c93a61e19d22eeb4ee4c,2024=Base del cierre 2024; 2025-2026=BAASE del cierre julio 2026; solo Walmart + familia FENDI.
Towell,Walmart,WM,FENDI BD / familia FENDI en Walmart,7501897813160,101285355,7501897813160,Toalla Mb Fendi Gris,Pedido,pieza (provisional; la tabla no contiene columna Unidad),2025-09,4752.0,False,False,cierre julio 2026 indicado por nombre del archivo; estado por fila no disponible,Estadistica Todas las Cadenas Cierre de Julio 2026.xlsx,BAASE,5557,W5557,a9613757c34efbecfee70b3187ed4c057fc5f9c833726af6d4c6162851e0acf3,2024=Base del cierre 2024; 2025-2026=BAASE del cierre julio 2026; solo Walmart + familia FENDI.
Towell,Walmart,WM,FENDI BD / familia FENDI en Walmart,7501897813160,101285355,7501897813160,Toalla Mb Fendi Gris,Pedido,pieza (provisional; la tabla no contiene columna Unidad),2025-10,1656.0,False,False,cierre julio 2026 indicado por nombre del archivo; estado por fila no disponible,Estadistica Todas las Cadenas Cierre de Julio 2026.xlsx,BAASE,6176,W6176,e84ab5556f5b40db5440157b9e7c18fe4a5de8455d8b29b2b631e893e00db557,2024=Base del cierre 2024; 2025-2026=BAASE del cierre julio 2026; solo Walmart + familia FENDI.
Towell,Walmart,WM,FENDI BD / familia FENDI en Walmart,7501897813160,101285355,7501897813160,Toalla Mb Fendi Gris,Pedido,pieza (provisional; la tabla no contiene columna Unidad),2025-11,1176.0,False,False,cierre julio 2026 indicado por nombre del archivo; estado por fila no disponible,Estadistica Todas las Cadenas Cierre de Julio 2026.xlsx,BAASE,6795,W6795,70666a1aea806d349f2ab6630bc71fbe92d6221f710ee167c69132069dd80223,2024=Base del cierre 2024; 2025-2026=BAASE del cierre julio 2026; solo Walmart + familia FENDI.
Towell,Walmart,WM,FENDI BD / familia FENDI en Walmart,7501897813160,101285355,7501897813160,Toalla Mb Fendi Gris,Pedido,pieza (provisional; la tabla no contiene columna Unidad),2025-12,1968.0,False,False,cierre julio 2026 indicado por nombre del archivo; estado por fila no disponible,Estadistica Todas las Cadenas Cierre de Julio 2026.xlsx,BAASE,7414,W7414,41aa7b09a69466b5340c3573676912c59628c109521385cb45b4a43acf1d9317,2024=Base del cierre 2024; 2025-2026=BAASE del cierre julio 2026; solo Walmart + familia FENDI.
Towell,Walmart,WM,FENDI BD / familia FENDI en Walmart,7501897813160,101285355,7501897813160,Toalla Mb Fendi Gris,Pedido,pieza (provisional; la tabla no contiene columna Unidad),2026-01,3120.0,False,False,cierre julio 2026 indicado por nombre del archivo; estado por fila no disponible,Estadistica Todas las Cadenas Cierre de Julio 2026.xlsx,BAASE,7984,W7984,20700d46739faaeb3814f4a6819c24ab0772734231410b0488d6fef5769967b2,2024=Base del cierre 2024; 2025-2026=BAASE del cierre julio 2026; solo Walmart + familia FENDI.
Towell,Walmart,WM,FENDI BD / familia FENDI en Walmart,7501897813160,101285355,7501897813160,Toalla Mb Fendi Gris,Pedido,pieza (provisional; la tabla no contiene columna Unidad),2026-02,102.0,False,False,cierre julio 2026 indicado por nombre del archivo; estado por fila no disponible,Estadistica Todas las Cadenas Cierre de Julio 2026.xlsx,BAASE,8563,W8563,d9170a2be809fc3a00d6d913c7a0e1537981aa52d56785b4775f6581674fd1ff,2024=Base del cierre 2024; 2025-2026=BAASE del cierre julio 2026; solo Walmart + familia FENDI.
Towell,Walmart,WM,FENDI BD / familia FENDI en Walmart,7501897813160,101285355,7501897813160,Toalla Mb Fendi Gris,Pedido,pieza (provisional; la tabla no contiene columna Unidad),2026-03,0.0,True,False,cierre julio 2026 indicado por nombre del archivo; estado por fila no disponible,Estadistica Todas las Cadenas Cierre de Julio 2026.xlsx,BAASE,9142,W9142,641208b2ec4a4eceae714a08fdb069877f3a046d442bf03ed798dd1b78225c4e,2024=Base del cierre 2024; 2025-2026=BAASE del cierre julio 2026; solo Walmart + familia FENDI.
Towell,Walmart,WM,FENDI BD / familia FENDI en Walmart,7501897813160,101285355,7501897813160,Toalla Mb Fendi Gris,Pedido,pieza (provisional; la tabla no contiene columna Unidad),2026-04,0.0,True,False,cierre julio 2026 indicado por nombre del archivo; estado por fila no disponible,Estadistica Todas las Cadenas Cierre de Julio 2026.xlsx,BAASE,9721,W9721,681eaf638f85381a7ce2e41798d3a767a226d8ae26ac301716ff54bdd81c1b7c,2024=Base del cierre 2024; 2025-2026=BAASE del cierre julio 2026; solo Walmart + familia FENDI.
Towell,Walmart,WM,FENDI BD / familia FENDI en Walmart,7501897813160,101285355,7501897813160,Toalla Mb Fendi Gris,Pedido,pieza (provisional; la tabla no contiene columna Unidad),2026-05,0.0,True,False,cierre julio 2026 indicado por nombre del archivo; estado por fila no disponible,Estadistica Todas las Cadenas Cierre de Julio 2026.xlsx,BAASE,10300,W10300,9300c73de48d0962150e1f52cb9eb9a4fddfc90a37ad610fdf4627f518587cc5,2024=Base del cierre 2024; 2025-2026=BAASE del cierre julio 2026; solo Walmart + familia FENDI.
Towell,Walmart,WM,FENDI BD / familia FENDI en Walmart,7501897813160,101285355,7501897813160,Toalla Mb Fendi Gris,Pedido,pieza (provisional; la tabla no contiene columna Unidad),2026-06,0.0,True,False,cierre julio 2026 indicado por nombre del archivo; estado por fila no disponible,Estadistica Todas las Cadenas Cierre de Julio 2026.xlsx,BAASE,10879,W10879,37bc34a1b1ee9d6ca7303340da6b77e53c5fd0750d0462c82843081ca45d1b32,2024=Base del cierre 2024; 2025-2026=BAASE del cierre julio 2026; solo Walmart + familia FENDI.
Towell,Walmart,WM,FENDI BD / familia FENDI en Walmart,7501897813160,101285355,7501897813160,Toalla Mb Fendi Gris,Pedido,pieza (provisional; la tabla no contiene columna Unidad),2026-07,0.0,True,False,cierre julio 2026 indicado por nombre del archivo; estado por fila no disponible,Estadistica Todas las Cadenas Cierre de Julio 2026.xlsx,BAASE,11458,W11458,8aa69d1b91f36287675a6f3db83d2792351428327f2b8acf3f8be28ea8f275db,2024=Base del cierre 2024; 2025-2026=BAASE del cierre julio 2026; solo Walmart + familia FENDI.
Towell,Walmart,WM,FENDI BD / familia FENDI en Walmart,7501897813177,101285348,7501897813177,TOALLA MB FENDI BEIGE,Pedido,eaches/piezas (provisional por encabezado; confirmar unidad oficial),2024-01,0.0,True,False,no documentado en fuente,Estadistica Venta Resurtible WM 2024 Dic 2024.xlsx,Base,108,I108,2858d7dab688068fce0760649d439df5b8186e6b1fd7d1ad7511231120df3557,2024=Base del cierre 2024; 2025-2026=BAASE del cierre julio 2026; solo Walmart + familia FENDI.
Towell,Walmart,WM,FENDI BD / familia FENDI en Walmart,7501897813177,101285348,7501897813177,TOALLA MB FENDI BEIGE,Pedido,eaches/piezas (provisional por encabezado; confirmar unidad oficial),2024-02,0.0,True,False,no documentado en fuente,Estadistica Venta Resurtible WM 2024 Dic 2024.xlsx,Base,108,N108,12b9fe1e9e8032e211edad0c2b7b715906b37378b65ac4a5959f5ae2b944733c,2024=Base del cierre 2024; 2025-2026=BAASE del cierre julio 2026; solo Walmart + familia FENDI.
Towell,Walmart,WM,FENDI BD / familia FENDI en Walmart,7501897813177,101285348,7501897813177,TOALLA MB FENDI BEIGE,Pedido,eaches/piezas (provisional por encabezado; confirmar unidad oficial),2024-03,0.0,True,False,no documentado en fuente,Estadistica Venta Resurtible WM 2024 Dic 2024.xlsx,Base,108,S108,7791e3aa13639c7f7171980c4ae87ff69f16e8eab98dbe615eb14331f39264bc,2024=Base del cierre 2024; 2025-2026=BAASE del cierre julio 2026; solo Walmart + familia FENDI.
Towell,Walmart,WM,FENDI BD / familia FENDI en Walmart,7501897813177,101285348,7501897813177,TOALLA MB FENDI BEIGE,Pedido,eaches/piezas (provisional por encabezado; confirmar unidad oficial),2024-04,0.0,True,False,no documentado en fuente,Estadistica Venta Resurtible WM 2024 Dic 2024.xlsx,Base,108,X108,096addf3de37e6766111f9f79aa12d0372ddf04c3e195a183fa45c5fa43ec12f,2024=Base del cierre 2024; 2025-2026=BAASE del cierre julio 2026; solo Walmart + familia FENDI.
Towell,Walmart,WM,FENDI BD / familia FENDI en Walmart,7501897813177,101285348,7501897813177,TOALLA MB FENDI BEIGE,Pedido,eaches/piezas (provisional por encabezado; confirmar unidad oficial),2024-05,0.0,True,False,no documentado en fuente,Estadistica Venta Resurtible WM 2024 Dic 2024.xlsx,Base,108,AC108,bb742250de5d92a063fada4c69ebf1369d3f5ae13d7020c2c3799f79a2ad7193,2024=Base del cierre 2024; 2025-2026=BAASE del cierre julio 2026; solo Walmart + familia FENDI.
Towell,Walmart,WM,FENDI BD / familia FENDI en Walmart,7501897813177,101285348,7501897813177,TOALLA MB FENDI BEIGE,Pedido,eaches/piezas (provisional por encabezado; confirmar unidad oficial),2024-06,0.0,True,False,no documentado en fuente,Estadistica Venta Resurtible WM 2024 Dic 2024.xlsx,Base,108,AH108,1e8137979c3f38fb75bafa71c50bd2c11e907a6099e3d74e323013f15b665713,2024=Base del cierre 2024; 2025-2026=BAASE del cierre julio 2026; solo Walmart + familia FENDI.
Towell,Walmart,WM,FENDI BD / familia FENDI en Walmart,7501897813177,101285348,7501897813177,TOALLA MB FENDI BEIGE,Pedido,eaches/piezas (provisional por encabezado; confirmar unidad oficial),2024-07,0.0,True,False,no documentado en fuente,Estadistica Venta Resurtible WM 2024 Dic 2024.xlsx,Base,108,AM108,02ae808fb24647bf5b76ecdbdfb1d6e7736b74b5a0f56fb32acb941292e962ce,2024=Base del cierre 2024; 2025-2026=BAASE del cierre julio 2026; solo Walmart + familia FENDI.
Towell,Walmart,WM,FENDI BD / familia FENDI en Walmart,7501897813177,101285348,7501897813177,TOALLA MB FENDI BEIGE,Pedido,eaches/piezas (provisional por encabezado; confirmar unidad oficial),2024-08,0.0,True,False,no documentado en fuente,Estadistica Venta Resurtible WM 2024 Dic 2024.xlsx,Base,108,AR108,47390b029029f5a16807977eae202d9560196a3763af76998e2ec6cb0b766277,2024=Base del cierre 2024; 2025-2026=BAASE del cierre julio 2026; solo Walmart + familia FENDI.
Towell,Walmart,WM,FENDI BD / familia FENDI en Walmart,7501897813177,101285348,7501897813177,TOALLA MB FENDI BEIGE,Pedido,eaches/piezas (provisional por encabezado; confirmar unidad oficial),2024-09,9414.0,False,False,no documentado en fuente,Estadistica Venta Resurtible WM 2024 Dic 2024.xlsx,Base,108,AW108,896f20bf5caf5e33b523ecfa695a7fc9bbc91b51de54446e3f52cf900ed1a4e7,2024=Base del cierre 2024; 2025-2026=BAASE del cierre julio 2026; solo Walmart + familia FENDI.
Towell,Walmart,WM,FENDI BD / familia FENDI en Walmart,7501897813177,101285348,7501897813177,TOALLA MB FENDI BEIGE,Pedido,eaches/piezas (provisional por encabezado; confirmar unidad oficial),2024-10,5898.0,False,False,no documentado en fuente,Estadistica Venta Resurtible WM 2024 Dic 2024.xlsx,Base,108,BB108,eb4c772b5d07c7411388b4d0e0bf799f4769cccbf733b434a3cc9ab50a8f075a,2024=Base del cierre 2024; 2025-2026=BAASE del cierre julio 2026; solo Walmart + familia FENDI.
Towell,Walmart,WM,FENDI BD / familia FENDI en Walmart,7501897813177,101285348,7501897813177,TOALLA MB FENDI BEIGE,Pedido,eaches/piezas (provisional por encabezado; confirmar unidad oficial),2024-11,10140.0,False,False,no documentado en fuente,Estadistica Venta Resurtible WM 2024 Dic 2024.xlsx,Base,108,BG108,e41fd02c0831db681a285a815a241e51bf51da7fdaf6f7d46bd1dfcca2b4e37a,2024=Base del cierre 2024; 2025-2026=BAASE del cierre julio 2026; solo Walmart + familia FENDI.
Towell,Walmart,WM,FENDI BD / familia FENDI en Walmart,7501897813177,101285348,7501897813177,TOALLA MB FENDI BEIGE,Pedido,eaches/piezas (provisional por encabezado; confirmar unidad oficial),2024-12,4224.0,False,False,no documentado en fuente,Estadistica Venta Resurtible WM 2024 Dic 2024.xlsx,Base,108,BL108,11b18ac128d6b7bc25826a0ddaefb7ce7f6012c88fa3e37708b2d19f273b5494,2024=Base del cierre 2024; 2025-2026=BAASE del cierre julio 2026; solo Walmart + familia FENDI.
Towell,Walmart,WM,FENDI BD / familia FENDI en Walmart,7501897813177,101285348,7501897813177,Toalla Mb Fendi Beige,Pedido,pieza (provisional; la tabla no contiene columna Unidad),2025-01,5832.0,False,False,cierre julio 2026 indicado por nombre del archivo; estado por fila no disponible,Estadistica Todas las Cadenas Cierre de Julio 2026.xlsx,BAASE,595,W595,26a0dbc8e740a6365a7a07b79d876b82127f7729248522d4ba537ea5b53245dc,2024=Base del cierre 2024; 2025-2026=BAASE del cierre julio 2026; solo Walmart + familia FENDI.
Towell,Walmart,WM,FENDI BD / familia FENDI en Walmart,7501897813177,101285348,7501897813177,Toalla Mb Fendi Beige,Pedido,pieza (provisional; la tabla no contiene columna Unidad),2025-02,4692.0,False,False,cierre julio 2026 indicado por nombre del archivo; estado por fila no disponible,Estadistica Todas las Cadenas Cierre de Julio 2026.xlsx,BAASE,1216,W1216,63ec7c34d12f3ccfe38dffe78ea3d33be73c140712dfed1e6e9808e248d1fbbb,2024=Base del cierre 2024; 2025-2026=BAASE del cierre julio 2026; solo Walmart + familia FENDI.
Towell,Walmart,WM,FENDI BD / familia FENDI en Walmart,7501897813177,101285348,7501897813177,Toalla Mb Fendi Beige,Pedido,pieza (provisional; la tabla no contiene columna Unidad),2025-03,2796.0,False,False,cierre julio 2026 indicado por nombre del archivo; estado por fila no disponible,Estadistica Todas las Cadenas Cierre de Julio 2026.xlsx,BAASE,1838,W1838,5717dcb1f6539a076f1add34c39034f1e5337989a8781ba36b55c51ada04703a,2024=Base del cierre 2024; 2025-2026=BAASE del cierre julio 2026; solo Walmart + familia FENDI.
Towell,Walmart,WM,FENDI BD / familia FENDI en Walmart,7501897813177,101285348,7501897813177,Toalla Mb Fendi Beige,Pedido,pieza (provisional; la tabla no contiene columna Unidad),2025-04,3912.0,False,False,cierre julio 2026 indicado por nombre del archivo; estado por fila no disponible,Estadistica Todas las Cadenas Cierre de Julio 2026.xlsx,BAASE,2457,W2457,536dc6af608d8ba7e6d12743b5a549dcf1470b6eae0fbd823543a96f25ee4e15,2024=Base del cierre 2024; 2025-2026=BAASE del cierre julio 2026; solo Walmart + familia FENDI.
Towell,Walmart,WM,FENDI BD / familia FENDI en Walmart,7501897813177,101285348,7501897813177,Toalla Mb Fendi Beige,Pedido,pieza (provisional; la tabla no contiene columna Unidad),2025-05,2340.0,False,False,cierre julio 2026 indicado por nombre del archivo; estado por fila no disponible,Estadistica Todas las Cadenas Cierre de Julio 2026.xlsx,BAASE,3076,W3076,88a3a962fcf83cfb5177fcf19fec5c6928fe98d9e3c629e2ad67c09a2848e82d,2024=Base del cierre 2024; 2025-2026=BAASE del cierre julio 2026; solo Walmart + familia FENDI.
Towell,Walmart,WM,FENDI BD / familia FENDI en Walmart,7501897813177,101285348,7501897813177,Toalla Mb Fendi Beige,Pedido,pieza (provisional; la tabla no contiene columna Unidad),2025-06,3252.0,False,False,cierre julio 2026 indicado por nombre del archivo; estado por fila no disponible,Estadistica Todas las Cadenas Cierre de Julio 2026.xlsx,BAASE,3698,W3698,4f87b96dd5e706d3ad55893e8cb64401dd0728ba4e510e0549a7551c1e577d9d,2024=Base del cierre 2024; 2025-2026=BAASE del cierre julio 2026; solo Walmart + familia FENDI.
Towell,Walmart,WM,FENDI BD / familia FENDI en Walmart,7501897813177,101285348,7501897813177,Toalla Mb Fendi Beige,Pedido,pieza (provisional; la tabla no contiene columna Unidad),2025-07,5496.0,False,False,cierre julio 2026 indicado por nombre del archivo; estado por fila no disponible,Estadistica Todas las Cadenas Cierre de Julio 2026.xlsx,BAASE,4320,W4320,0dab11f7ffde43475623c3cf787ddfb27e8d21418e21bcd01760888d52a8e9eb,2024=Base del cierre 2024; 2025-2026=BAASE del cierre julio 2026; solo Walmart + familia FENDI.
Towell,Walmart,WM,FENDI BD / familia FENDI en Walmart,7501897813177,101285348,7501897813177,Toalla Mb Fendi Beige,Pedido,pieza (provisional; la tabla no contiene columna Unidad),2025-08,6708.0,False,False,cierre julio 2026 indicado por nombre del archivo; estado por fila no disponible,Estadistica Todas las Cadenas Cierre de Julio 2026.xlsx,BAASE,4939,W4939,3fdfbc97f8b1ceb329603f7c0fb5260a4bda96ad4220ec1374cda92d328dbf83,2024=Base del cierre 2024; 2025-2026=BAASE del cierre julio 2026; solo Walmart + familia FENDI.
Towell,Walmart,WM,FENDI BD / familia FENDI en Walmart,7501897813177,101285348,7501897813177,Toalla Mb Fendi Beige,Pedido,pieza (provisional; la tabla no contiene columna Unidad),2025-09,4128.0,False,False,cierre julio 2026 indicado por nombre del archivo; estado por fila no disponible,Estadistica Todas las Cadenas Cierre de Julio 2026.xlsx,BAASE,5558,W5558,0b23c7179ca32c4de260eee5b00a5fa8517c59cf9e59cbd06877376660b1c6be,2024=Base del cierre 2024; 2025-2026=BAASE del cierre julio 2026; solo Walmart + familia FENDI.
Towell,Walmart,WM,FENDI BD / familia FENDI en Walmart,7501897813177,101285348,7501897813177,Toalla Mb Fendi Beige,Pedido,pieza (provisional; la tabla no contiene columna Unidad),2025-10,5448.0,False,False,cierre julio 2026 indicado por nombre del archivo; estado por fila no disponible,Estadistica Todas las Cadenas Cierre de Julio 2026.xlsx,BAASE,6177,W6177,782e05fc248457faa94075909d0d0a79e7a4d0eda351b76eec34ccb5311154ef,2024=Base del cierre 2024; 2025-2026=BAASE del cierre julio 2026; solo Walmart + familia FENDI.
Towell,Walmart,WM,FENDI BD / familia FENDI en Walmart,7501897813177,101285348,7501897813177,Toalla Mb Fendi Beige,Pedido,pieza (provisional; la tabla no contiene columna Unidad),2025-11,6144.0,False,False,cierre julio 2026 indicado por nombre del archivo; estado por fila no disponible,Estadistica Todas las Cadenas Cierre de Julio 2026.xlsx,BAASE,6796,W6796,dc47c0c098b9eda2756318cec71ccbaa3bfee4983d85488f91a3ed295c772d8c,2024=Base del cierre 2024; 2025-2026=BAASE del cierre julio 2026; solo Walmart + familia FENDI.
Towell,Walmart,WM,FENDI BD / familia FENDI en Walmart,7501897813177,101285348,7501897813177,Toalla Mb Fendi Beige,Pedido,pieza (provisional; la tabla no contiene columna Unidad),2025-12,6456.0,False,False,cierre julio 2026 indicado por nombre del archivo; estado por fila no disponible,Estadistica Todas las Cadenas Cierre de Julio 2026.xlsx,BAASE,7415,W7415,9c588a9a45e1cb924d909bbf4ddccbea1398bb13392fcf7adeaadd77636a26a5,2024=Base del cierre 2024; 2025-2026=BAASE del cierre julio 2026; solo Walmart + familia FENDI.
Towell,Walmart,WM,FENDI BD / familia FENDI en Walmart,7501897813177,101285348,7501897813177,Toalla Mb Fendi Beige,Pedido,pieza (provisional; la tabla no contiene columna Unidad),2026-01,7704.0,False,False,cierre julio 2026 indicado por nombre del archivo; estado por fila no disponible,Estadistica Todas las Cadenas Cierre de Julio 2026.xlsx,BAASE,7985,W7985,7cc428d7ea9c8edbce06a6ee9d5dd281bb36898a54ff5a7a45ecfdce3ad988d0,2024=Base del cierre 2024; 2025-2026=BAASE del cierre julio 2026; solo Walmart + familia FENDI.
Towell,Walmart,WM,FENDI BD / familia FENDI en Walmart,7501897813177,101285348,7501897813177,Toalla Mb Fendi Beige,Pedido,pieza (provisional; la tabla no contiene columna Unidad),2026-02,8298.0,False,False,cierre julio 2026 indicado por nombre del archivo; estado por fila no disponible,Estadistica Todas las Cadenas Cierre de Julio 2026.xlsx,BAASE,8564,W8564,1606aea9d8441283c7917cd82c686fb271b36e21037e614a8618f5f0a15a40e1,2024=Base del cierre 2024; 2025-2026=BAASE del cierre julio 2026; solo Walmart + familia FENDI.
Towell,Walmart,WM,FENDI BD / familia FENDI en Walmart,7501897813177,101285348,7501897813177,Toalla Mb Fendi Beige,Pedido,pieza (provisional; la tabla no contiene columna Unidad),2026-03,10542.0,False,False,cierre julio 2026 indicado por nombre del archivo; estado por fila no disponible,Estadistica Todas las Cadenas Cierre de Julio 2026.xlsx,BAASE,9143,W9143,a71683c5036f0c5d2f35040e9ab438323e123a5c08dbdf7e2fdb1f1ef0912408,2024=Base del cierre 2024; 2025-2026=BAASE del cierre julio 2026; solo Walmart + familia FENDI.
Towell,Walmart,WM,FENDI BD / familia FENDI en Walmart,7501897813177,101285348,7501897813177,Toalla Mb Fendi Beige,Pedido,pieza (provisional; la tabla no contiene columna Unidad),2026-04,7524.0,False,False,cierre julio 2026 indicado por nombre del archivo; estado por fila no disponible,Estadistica Todas las Cadenas Cierre de Julio 2026.xlsx,BAASE,9722,W9722,fcc5524f96a843c13bdd3f153e665dee0db3fc6fa695fbc1607554763fbce784,2024=Base del cierre 2024; 2025-2026=BAASE del cierre julio 2026; solo Walmart + familia FENDI.
Towell,Walmart,WM,FENDI BD / familia FENDI en Walmart,7501897813177,101285348,7501897813177,Toalla Mb Fendi Beige,Pedido,pieza (provisional; la tabla no contiene columna Unidad),2026-05,11616.0,False,False,cierre julio 2026 indicado por nombre del archivo; estado por fila no disponible,Estadistica Todas las Cadenas Cierre de Julio 2026.xlsx,BAASE,10301,W10301,a61d81870e8327217673a131b135cbb9ffd0222c99624ea7021d2bac2cdf6fba,2024=Base del cierre 2024; 2025-2026=BAASE del cierre julio 2026; solo Walmart + familia FENDI.
Towell,Walmart,WM,FENDI BD / familia FENDI en Walmart,7501897813177,101285348,7501897813177,Toalla Mb Fendi Beige,Pedido,pieza (provisional; la tabla no contiene columna Unidad),2026-06,5532.0,False,False,cierre julio 2026 indicado por nombre del archivo; estado por fila no disponible,Estadistica Todas las Cadenas Cierre de Julio 2026.xlsx,BAASE,10880,W10880,ad696c1756a525789f589f466e2b3a30ac9c10cbfd3a49139e1eb8b078fc5639,2024=Base del cierre 2024; 2025-2026=BAASE del cierre julio 2026; solo Walmart + familia FENDI.
Towell,Walmart,WM,FENDI BD / familia FENDI en Walmart,7501897813177,101285348,7501897813177,Toalla Mb Fendi Beige,Pedido,pieza (provisional; la tabla no contiene columna Unidad),2026-07,10524.0,False,False,cierre julio 2026 indicado por nombre del archivo; estado por fila no disponible,Estadistica Todas las Cadenas Cierre de Julio 2026.xlsx,BAASE,11459,W11459,742561c0d0d51d0d349d32bdfd367e00d5c5d6f6c6ecdcca6735129ae5f7732f,2024=Base del cierre 2024; 2025-2026=BAASE del cierre julio 2026; solo Walmart + familia FENDI.
Towell,Walmart,WM,FENDI BD / familia FENDI en Walmart,7501897813184,101285354,7501897813184,TOALLA MB FENDI ROSA,Pedido,eaches/piezas (provisional por encabezado; confirmar unidad oficial),2024-01,0.0,True,False,no documentado en fuente,Estadistica Venta Resurtible WM 2024 Dic 2024.xlsx,Base,112,I112,f83b217fa511b8593111f53e699284bb5ce77bf3282da3c35262ec613b629bd6,2024=Base del cierre 2024; 2025-2026=BAASE del cierre julio 2026; solo Walmart + familia FENDI.
Towell,Walmart,WM,FENDI BD / familia FENDI en Walmart,7501897813184,101285354,7501897813184,TOALLA MB FENDI ROSA,Pedido,eaches/piezas (provisional por encabezado; confirmar unidad oficial),2024-02,0.0,True,False,no documentado en fuente,Estadistica Venta Resurtible WM 2024 Dic 2024.xlsx,Base,112,N112,acbd16a7649b31bfcb3ff79be8b889f652b060c05b799e389d205997111d7028,2024=Base del cierre 2024; 2025-2026=BAASE del cierre julio 2026; solo Walmart + familia FENDI.
Towell,Walmart,WM,FENDI BD / familia FENDI en Walmart,7501897813184,101285354,7501897813184,TOALLA MB FENDI ROSA,Pedido,eaches/piezas (provisional por encabezado; confirmar unidad oficial),2024-03,0.0,True,False,no documentado en fuente,Estadistica Venta Resurtible WM 2024 Dic 2024.xlsx,Base,112,S112,89d7fda182a6537d823e943901b4b61d0a3ebb4b3477f12e67383bf3f7dbc905,2024=Base del cierre 2024; 2025-2026=BAASE del cierre julio 2026; solo Walmart + familia FENDI.
Towell,Walmart,WM,FENDI BD / familia FENDI en Walmart,7501897813184,101285354,7501897813184,TOALLA MB FENDI ROSA,Pedido,eaches/piezas (provisional por encabezado; confirmar unidad oficial),2024-04,0.0,True,False,no documentado en fuente,Estadistica Venta Resurtible WM 2024 Dic 2024.xlsx,Base,112,X112,a576c20980ce9215a922438d805b860859bb5239ee7fbaf2bd7bb08d0a8f27d4,2024=Base del cierre 2024; 2025-2026=BAASE del cierre julio 2026; solo Walmart + familia FENDI.
Towell,Walmart,WM,FENDI BD / familia FENDI en Walmart,7501897813184,101285354,7501897813184,TOALLA MB FENDI ROSA,Pedido,eaches/piezas (provisional por encabezado; confirmar unidad oficial),2024-05,0.0,True,False,no documentado en fuente,Estadistica Venta Resurtible WM 2024 Dic 2024.xlsx,Base,112,AC112,c16257c6ac50d953210e309a0a7a7c5cfa46970369d2fbdba1103da86728a1ef,2024=Base del cierre 2024; 2025-2026=BAASE del cierre julio 2026; solo Walmart + familia FENDI.
Towell,Walmart,WM,FENDI BD / familia FENDI en Walmart,7501897813184,101285354,7501897813184,TOALLA MB FENDI ROSA,Pedido,eaches/piezas (provisional por encabezado; confirmar unidad oficial),2024-06,0.0,True,False,no documentado en fuente,Estadistica Venta Resurtible WM 2024 Dic 2024.xlsx,Base,112,AH112,83a035f05cc2861cc515f9b9ff144a6df02de2348e216a640e99a1c017256de4,2024=Base del cierre 2024; 2025-2026=BAASE del cierre julio 2026; solo Walmart + familia FENDI.
Towell,Walmart,WM,FENDI BD / familia FENDI en Walmart,7501897813184,101285354,7501897813184,TOALLA MB FENDI ROSA,Pedido,eaches/piezas (provisional por encabezado; confirmar unidad oficial),2024-07,0.0,True,False,no documentado en fuente,Estadistica Venta Resurtible WM 2024 Dic 2024.xlsx,Base,112,AM112,66c384d8658b9b8373d2a87ec66075bf70a32328de297de5d8a6ef955eb363a7,2024=Base del cierre 2024; 2025-2026=BAASE del cierre julio 2026; solo Walmart + familia FENDI.
Towell,Walmart,WM,FENDI BD / familia FENDI en Walmart,7501897813184,101285354,7501897813184,TOALLA MB FENDI ROSA,Pedido,eaches/piezas (provisional por encabezado; confirmar unidad oficial),2024-08,0.0,True,False,no documentado en fuente,Estadistica Venta Resurtible WM 2024 Dic 2024.xlsx,Base,112,AR112,b8a67c4ace34773e5a1b29a3362740abe21f0e3f04393714fa2377f9642daf69,2024=Base del cierre 2024; 2025-2026=BAASE del cierre julio 2026; solo Walmart + familia FENDI.
Towell,Walmart,WM,FENDI BD / familia FENDI en Walmart,7501897813184,101285354,7501897813184,TOALLA MB FENDI ROSA,Pedido,eaches/piezas (provisional por encabezado; confirmar unidad oficial),2024-09,9414.0,False,False,no documentado en fuente,Estadistica Venta Resurtible WM 2024 Dic 2024.xlsx,Base,112,AW112,f637f9810f84c31f11ef7313ef19f85b5e7c92ff967e260379cd525b8c44b9e8,2024=Base del cierre 2024; 2025-2026=BAASE del cierre julio 2026; solo Walmart + familia FENDI.
Towell,Walmart,WM,FENDI BD / familia FENDI en Walmart,7501897813184,101285354,7501897813184,TOALLA MB FENDI ROSA,Pedido,eaches/piezas (provisional por encabezado; confirmar unidad oficial),2024-10,6084.0,False,False,no documentado en fuente,Estadistica Venta Resurtible WM 2024 Dic 2024.xlsx,Base,112,BB112,018066461ed0d21942841421e413a41a26ed14528653654e6ab32624ab76672b,2024=Base del cierre 2024; 2025-2026=BAASE del cierre julio 2026; solo Walmart + familia FENDI.
Towell,Walmart,WM,FENDI BD / familia FENDI en Walmart,7501897813184,101285354,7501897813184,TOALLA MB FENDI ROSA,Pedido,eaches/piezas (provisional por encabezado; confirmar unidad oficial),2024-11,8112.0,False,False,no documentado en fuente,Estadistica Venta Resurtible WM 2024 Dic 2024.xlsx,Base,112,BG112,e6029b0f5ddd514868fdc1e7e593b140515ad0c07802ff4051e22a99d332c1ec,2024=Base del cierre 2024; 2025-2026=BAASE del cierre julio 2026; solo Walmart + familia FENDI.
Towell,Walmart,WM,FENDI BD / familia FENDI en Walmart,7501897813184,101285354,7501897813184,TOALLA MB FENDI ROSA,Pedido,eaches/piezas (provisional por encabezado; confirmar unidad oficial),2024-12,2832.0,False,False,no documentado en fuente,Estadistica Venta Resurtible WM 2024 Dic 2024.xlsx,Base,112,BL112,66592e6cfd6d7208345e8658a12d98771ec9f99c6d9138e387d2d6c7ef9e7503,2024=Base del cierre 2024; 2025-2026=BAASE del cierre julio 2026; solo Walmart + familia FENDI.
Towell,Walmart,WM,FENDI BD / familia FENDI en Walmart,7501897813184,101285354,7501897813184,Toalla Mb Fendi Rosa,Pedido,pieza (provisional; la tabla no contiene columna Unidad),2025-01,17010.0,False,False,cierre julio 2026 indicado por nombre del archivo; estado por fila no disponible,Estadistica Todas las Cadenas Cierre de Julio 2026.xlsx,BAASE,596,W596,952582dbc70f6fbd63b944be9606d460e915d2dc264c77d6053637e9046c045e,2024=Base del cierre 2024; 2025-2026=BAASE del cierre julio 2026; solo Walmart + familia FENDI.
Towell,Walmart,WM,FENDI BD / familia FENDI en Walmart,7501897813184,101285354,7501897813184,Toalla Mb Fendi Rosa,Pedido,pieza (provisional; la tabla no contiene columna Unidad),2025-02,14316.0,False,False,cierre julio 2026 indicado por nombre del archivo; estado por fila no disponible,Estadistica Todas las Cadenas Cierre de Julio 2026.xlsx,BAASE,1217,W1217,6b8598f593dc9aaac481dedd1ca1e533378694e098afcbcd57270d4a2ee629c9,2024=Base del cierre 2024; 2025-2026=BAASE del cierre julio 2026; solo Walmart + familia FENDI.
Towell,Walmart,WM,FENDI BD / familia FENDI en Walmart,7501897813184,101285354,7501897813184,Toalla Mb Fendi Rosa,Pedido,pieza (provisional; la tabla no contiene columna Unidad),2025-03,3480.0,False,False,cierre julio 2026 indicado por nombre del archivo; estado por fila no disponible,Estadistica Todas las Cadenas Cierre de Julio 2026.xlsx,BAASE,1839,W1839,42c63e454c25fbefada531fa72a4fb021486c37166e2285b7a1f4e279232dfce,2024=Base del cierre 2024; 2025-2026=BAASE del cierre julio 2026; solo Walmart + familia FENDI.
Towell,Walmart,WM,FENDI BD / familia FENDI en Walmart,7501897813184,101285354,7501897813184,Toalla Mb Fendi Rosa,Pedido,pieza (provisional; la tabla no contiene columna Unidad),2025-04,18270.0,False,False,cierre julio 2026 indicado por nombre del archivo; estado por fila no disponible,Estadistica Todas las Cadenas Cierre de Julio 2026.xlsx,BAASE,2458,W2458,9428c33f330294fd18e8afc91a18a6a1ad982ccf37ce266d8cfb1fe720072470,2024=Base del cierre 2024; 2025-2026=BAASE del cierre julio 2026; solo Walmart + familia FENDI.
Towell,Walmart,WM,FENDI BD / familia FENDI en Walmart,7501897813184,101285354,7501897813184,Toalla Mb Fendi Rosa,Pedido,pieza (provisional; la tabla no contiene columna Unidad),2025-05,11472.0,False,False,cierre julio 2026 indicado por nombre del archivo; estado por fila no disponible,Estadistica Todas las Cadenas Cierre de Julio 2026.xlsx,BAASE,3077,W3077,5661351cada9f21ada6555b6b4d2cfd43755568c0a4b2ec2110e72afd9e236e1,2024=Base del cierre 2024; 2025-2026=BAASE del cierre julio 2026; solo Walmart + familia FENDI.
Towell,Walmart,WM,FENDI BD / familia FENDI en Walmart,7501897813184,101285354,7501897813184,Toalla Mb Fendi Rosa,Pedido,pieza (provisional; la tabla no contiene columna Unidad),2025-06,11526.0,False,False,cierre julio 2026 indicado por nombre del archivo; estado por fila no disponible,Estadistica Todas las Cadenas Cierre de Julio 2026.xlsx,BAASE,3699,W3699,a2e9606454f6390a998d228642c38e59d5f6656e62c6d25695450cd1fb7edbe0,2024=Base del cierre 2024; 2025-2026=BAASE del cierre julio 2026; solo Walmart + familia FENDI.
Towell,Walmart,WM,FENDI BD / familia FENDI en Walmart,7501897813184,101285354,7501897813184,Toalla Mb Fendi Rosa,Pedido,pieza (provisional; la tabla no contiene columna Unidad),2025-07,9804.0,False,False,cierre julio 2026 indicado por nombre del archivo; estado por fila no disponible,Estadistica Todas las Cadenas Cierre de Julio 2026.xlsx,BAASE,4321,W4321,710cc84b3ecfbfcb660f1e525ff44b6ff9b34f437a037966b8a35795ac69ed2b,2024=Base del cierre 2024; 2025-2026=BAASE del cierre julio 2026; solo Walmart + familia FENDI.
Towell,Walmart,WM,FENDI BD / familia FENDI en Walmart,7501897813184,101285354,7501897813184,Toalla Mb Fendi Rosa,Pedido,pieza (provisional; la tabla no contiene columna Unidad),2025-08,15390.0,False,False,cierre julio 2026 indicado por nombre del archivo; estado por fila no disponible,Estadistica Todas las Cadenas Cierre de Julio 2026.xlsx,BAASE,4940,W4940,05105c59e08afc236aae261941b249f55b2c26ff5a573f4bf3adc74547017038,2024=Base del cierre 2024; 2025-2026=BAASE del cierre julio 2026; solo Walmart + familia FENDI.
Towell,Walmart,WM,FENDI BD / familia FENDI en Walmart,7501897813184,101285354,7501897813184,Toalla Mb Fendi Rosa,Pedido,pieza (provisional; la tabla no contiene columna Unidad),2025-09,8628.0,False,False,cierre julio 2026 indicado por nombre del archivo; estado por fila no disponible,Estadistica Todas las Cadenas Cierre de Julio 2026.xlsx,BAASE,5559,W5559,9d0232721a78d3391569d08f5ebc5e646b54b0250defe737af76589ad8043e0d,2024=Base del cierre 2024; 2025-2026=BAASE del cierre julio 2026; solo Walmart + familia FENDI.
Towell,Walmart,WM,FENDI BD / familia FENDI en Walmart,7501897813184,101285354,7501897813184,Toalla Mb Fendi Rosa,Pedido,pieza (provisional; la tabla no contiene columna Unidad),2025-10,6408.0,False,False,cierre julio 2026 indicado por nombre del archivo; estado por fila no disponible,Estadistica Todas las Cadenas Cierre de Julio 2026.xlsx,BAASE,6178,W6178,579cbd9df7f4c6a2cdbd5ddea0ed349eb9709810aa96c0de9cd172cad4aa02e1,2024=Base del cierre 2024; 2025-2026=BAASE del cierre julio 2026; solo Walmart + familia FENDI.
Towell,Walmart,WM,FENDI BD / familia FENDI en Walmart,7501897813184,101285354,7501897813184,Toalla Mb Fendi Rosa,Pedido,pieza (provisional; la tabla no contiene columna Unidad),2025-11,6954.0,False,False,cierre julio 2026 indicado por nombre del archivo; estado por fila no disponible,Estadistica Todas las Cadenas Cierre de Julio 2026.xlsx,BAASE,6797,W6797,b88ce86d0f4b24756fe4e8d6ee4f3b7f4e6a0f145856d899916248c0eee2303c,2024=Base del cierre 2024; 2025-2026=BAASE del cierre julio 2026; solo Walmart + familia FENDI.
Towell,Walmart,WM,FENDI BD / familia FENDI en Walmart,7501897813184,101285354,7501897813184,Toalla Mb Fendi Rosa,Pedido,pieza (provisional; la tabla no contiene columna Unidad),2025-12,8394.0,False,False,cierre julio 2026 indicado por nombre del archivo; estado por fila no disponible,Estadistica Todas las Cadenas Cierre de Julio 2026.xlsx,BAASE,7416,W7416,f2da14ff989b446c5e43c63342d44fe6235e35e17a970481b6e76234aad095ba,2024=Base del cierre 2024; 2025-2026=BAASE del cierre julio 2026; solo Walmart + familia FENDI.
Towell,Walmart,WM,FENDI BD / familia FENDI en Walmart,7501897813184,101285354,7501897813184,Toalla Mb Fendi Rosa,Pedido,pieza (provisional; la tabla no contiene columna Unidad),2026-01,9888.0,False,False,cierre julio 2026 indicado por nombre del archivo; estado por fila no disponible,Estadistica Todas las Cadenas Cierre de Julio 2026.xlsx,BAASE,7986,W7986,f8411fa31f35bffaaa755c70bdb3853490072e1d23c23d3b5eb6917d6f30549b,2024=Base del cierre 2024; 2025-2026=BAASE del cierre julio 2026; solo Walmart + familia FENDI.
Towell,Walmart,WM,FENDI BD / familia FENDI en Walmart,7501897813184,101285354,7501897813184,Toalla Mb Fendi Rosa,Pedido,pieza (provisional; la tabla no contiene columna Unidad),2026-02,3528.0,False,False,cierre julio 2026 indicado por nombre del archivo; estado por fila no disponible,Estadistica Todas las Cadenas Cierre de Julio 2026.xlsx,BAASE,8565,W8565,c90a23d0af71514d62017845e52831343b0783d5636c25dedea1e22ae03c4606,2024=Base del cierre 2024; 2025-2026=BAASE del cierre julio 2026; solo Walmart + familia FENDI.
Towell,Walmart,WM,FENDI BD / familia FENDI en Walmart,7501897813184,101285354,7501897813184,Toalla Mb Fendi Rosa,Pedido,pieza (provisional; la tabla no contiene columna Unidad),2026-03,4608.0,False,False,cierre julio 2026 indicado por nombre del archivo; estado por fila no disponible,Estadistica Todas las Cadenas Cierre de Julio 2026.xlsx,BAASE,9144,W9144,a450e40d46fad7b782a043783ce8c17d4c58b308862d19fcd84d0298cbdcdca9,2024=Base del cierre 2024; 2025-2026=BAASE del cierre julio 2026; solo Walmart + familia FENDI.
Towell,Walmart,WM,FENDI BD / familia FENDI en Walmart,7501897813184,101285354,7501897813184,Toalla Mb Fendi Rosa,Pedido,pieza (provisional; la tabla no contiene columna Unidad),2026-04,3954.0,False,False,cierre julio 2026 indicado por nombre del archivo; estado por fila no disponible,Estadistica Todas las Cadenas Cierre de Julio 2026.xlsx,BAASE,9723,W9723,091c6bba6622fcef2fc044c5b29b0ca0006cfb529e96b3c5291743c4e009b7f4,2024=Base del cierre 2024; 2025-2026=BAASE del cierre julio 2026; solo Walmart + familia FENDI.
Towell,Walmart,WM,FENDI BD / familia FENDI en Walmart,7501897813184,101285354,7501897813184,Toalla Mb Fendi Rosa,Pedido,pieza (provisional; la tabla no contiene columna Unidad),2026-05,5616.0,False,False,cierre julio 2026 indicado por nombre del archivo; estado por fila no disponible,Estadistica Todas las Cadenas Cierre de Julio 2026.xlsx,BAASE,10302,W10302,f438a2b5ae749216424c5b7cdfe9a0f7cf671973c855d61d1f7dd2b150f9d4f8,2024=Base del cierre 2024; 2025-2026=BAASE del cierre julio 2026; solo Walmart + familia FENDI.
Towell,Walmart,WM,FENDI BD / familia FENDI en Walmart,7501897813184,101285354,7501897813184,Toalla Mb Fendi Rosa,Pedido,pieza (provisional; la tabla no contiene columna Unidad),2026-06,2604.0,False,False,cierre julio 2026 indicado por nombre del archivo; estado por fila no disponible,Estadistica Todas las Cadenas Cierre de Julio 2026.xlsx,BAASE,10881,W10881,e626e38c8e6c59ade30b91ef8ed6fa1e645227cba5d37f1b02e08d7a6fe3bdbc,2024=Base del cierre 2024; 2025-2026=BAASE del cierre julio 2026; solo Walmart + familia FENDI.
Towell,Walmart,WM,FENDI BD / familia FENDI en Walmart,7501897813184,101285354,7501897813184,Toalla Mb Fendi Rosa,Pedido,pieza (provisional; la tabla no contiene columna Unidad),2026-07,5286.0,False,False,cierre julio 2026 indicado por nombre del archivo; estado por fila no disponible,Estadistica Todas las Cadenas Cierre de Julio 2026.xlsx,BAASE,11460,W11460,112e92e9fd5ea5d44259d338200aa19b8ff48a729e672ce0b0bf123dc6cc232b,2024=Base del cierre 2024; 2025-2026=BAASE del cierre julio 2026; solo Walmart + familia FENDI.
Towell,Walmart,WM,FENDI BD / familia FENDI en Walmart,7501897813191,101285356,7501897813191,TOALLA MB FENDI ROJO,Pedido,eaches/piezas (provisional por encabezado; confirmar unidad oficial),2024-01,0.0,True,False,no documentado en fuente,Estadistica Venta Resurtible WM 2024 Dic 2024.xlsx,Base,114,I114,01b209bbc08b3aee626bd4653b3f2de5d9880720041cc493acf4eefe3ea5f4fd,2024=Base del cierre 2024; 2025-2026=BAASE del cierre julio 2026; solo Walmart + familia FENDI.
Towell,Walmart,WM,FENDI BD / familia FENDI en Walmart,7501897813191,101285356,7501897813191,TOALLA MB FENDI ROJO,Pedido,eaches/piezas (provisional por encabezado; confirmar unidad oficial),2024-02,0.0,True,False,no documentado en fuente,Estadistica Venta Resurtible WM 2024 Dic 2024.xlsx,Base,114,N114,4008bcdfae1f8f0f5122019154e45fa8d19fbbc6062434a6670d07ffb08ae61c,2024=Base del cierre 2024; 2025-2026=BAASE del cierre julio 2026; solo Walmart + familia FENDI.
Towell,Walmart,WM,FENDI BD / familia FENDI en Walmart,7501897813191,101285356,7501897813191,TOALLA MB FENDI ROJO,Pedido,eaches/piezas (provisional por encabezado; confirmar unidad oficial),2024-03,0.0,True,False,no documentado en fuente,Estadistica Venta Resurtible WM 2024 Dic 2024.xlsx,Base,114,S114,cb7a598cfeb414f7822e8bf1a6488f9b77a4541327914da1833e8c18636a062a,2024=Base del cierre 2024; 2025-2026=BAASE del cierre julio 2026; solo Walmart + familia FENDI.
Towell,Walmart,WM,FENDI BD / familia FENDI en Walmart,7501897813191,101285356,7501897813191,TOALLA MB FENDI ROJO,Pedido,eaches/piezas (provisional por encabezado; confirmar unidad oficial),2024-04,0.0,True,False,no documentado en fuente,Estadistica Venta Resurtible WM 2024 Dic 2024.xlsx,Base,114,X114,fc906bdd7c96f729a416dd5d8644ee32187e0d1f7578e2df4695b7a4be57f8c6,2024=Base del cierre 2024; 2025-2026=BAASE del cierre julio 2026; solo Walmart + familia FENDI.
Towell,Walmart,WM,FENDI BD / familia FENDI en Walmart,7501897813191,101285356,7501897813191,TOALLA MB FENDI ROJO,Pedido,eaches/piezas (provisional por encabezado; confirmar unidad oficial),2024-05,0.0,True,False,no documentado en fuente,Estadistica Venta Resurtible WM 2024 Dic 2024.xlsx,Base,114,AC114,5e0322376e55bc9641e9b5652b7daadbdca446d33814738496a2b8033c162a8e,2024=Base del cierre 2024; 2025-2026=BAASE del cierre julio 2026; solo Walmart + familia FENDI.
Towell,Walmart,WM,FENDI BD / familia FENDI en Walmart,7501897813191,101285356,7501897813191,TOALLA MB FENDI ROJO,Pedido,eaches/piezas (provisional por encabezado; confirmar unidad oficial),2024-06,0.0,True,False,no documentado en fuente,Estadistica Venta Resurtible WM 2024 Dic 2024.xlsx,Base,114,AH114,a110896d64a189cbd207637d43c415832bed33cb5aa79ecf654b058a70df925a,2024=Base del cierre 2024; 2025-2026=BAASE del cierre julio 2026; solo Walmart + familia FENDI.
Towell,Walmart,WM,FENDI BD / familia FENDI en Walmart,7501897813191,101285356,7501897813191,TOALLA MB FENDI ROJO,Pedido,eaches/piezas (provisional por encabezado; confirmar unidad oficial),2024-07,0.0,True,False,no documentado en fuente,Estadistica Venta Resurtible WM 2024 Dic 2024.xlsx,Base,114,AM114,7a97492c2a8cc9a006570a8b68dcfaf816eec20257adfca213aec1e2834f08af,2024=Base del cierre 2024; 2025-2026=BAASE del cierre julio 2026; solo Walmart + familia FENDI.
Towell,Walmart,WM,FENDI BD / familia FENDI en Walmart,7501897813191,101285356,7501897813191,TOALLA MB FENDI ROJO,Pedido,eaches/piezas (provisional por encabezado; confirmar unidad oficial),2024-08,0.0,True,False,no documentado en fuente,Estadistica Venta Resurtible WM 2024 Dic 2024.xlsx,Base,114,AR114,9f82d4d9f456459e8a1e6e2acfcc5db686e07d5040d88fe9616763aa282ec636,2024=Base del cierre 2024; 2025-2026=BAASE del cierre julio 2026; solo Walmart + familia FENDI.
Towell,Walmart,WM,FENDI BD / familia FENDI en Walmart,7501897813191,101285356,7501897813191,TOALLA MB FENDI ROJO,Pedido,eaches/piezas (provisional por encabezado; confirmar unidad oficial),2024-09,9414.0,False,False,no documentado en fuente,Estadistica Venta Resurtible WM 2024 Dic 2024.xlsx,Base,114,AW114,fccf29660d38e3e1cb2594a6d849a2e039591285a9089f68cd52c13c3a597ba2,2024=Base del cierre 2024; 2025-2026=BAASE del cierre julio 2026; solo Walmart + familia FENDI.
Towell,Walmart,WM,FENDI BD / familia FENDI en Walmart,7501897813191,101285356,7501897813191,TOALLA MB FENDI ROJO,Pedido,eaches/piezas (provisional por encabezado; confirmar unidad oficial),2024-10,5694.0,False,False,no documentado en fuente,Estadistica Venta Resurtible WM 2024 Dic 2024.xlsx,Base,114,BB114,4e7a0b17d29f1e091e523a237a62adce87536696d76af5efb13dc189bccaa6dc,2024=Base del cierre 2024; 2025-2026=BAASE del cierre julio 2026; solo Walmart + familia FENDI.
Towell,Walmart,WM,FENDI BD / familia FENDI en Walmart,7501897813191,101285356,7501897813191,TOALLA MB FENDI ROJO,Pedido,eaches/piezas (provisional por encabezado; confirmar unidad oficial),2024-11,8964.0,False,False,no documentado en fuente,Estadistica Venta Resurtible WM 2024 Dic 2024.xlsx,Base,114,BG114,f1a7b348192fff1334321c196d740f1e410766e63212f9feb5f121ff443717f6,2024=Base del cierre 2024; 2025-2026=BAASE del cierre julio 2026; solo Walmart + familia FENDI.
Towell,Walmart,WM,FENDI BD / familia FENDI en Walmart,7501897813191,101285356,7501897813191,TOALLA MB FENDI ROJO,Pedido,eaches/piezas (provisional por encabezado; confirmar unidad oficial),2024-12,3084.0,False,False,no documentado en fuente,Estadistica Venta Resurtible WM 2024 Dic 2024.xlsx,Base,114,BL114,7a4f53f9c5fb04185ea8cbedf45514d0c570246fa61210861af410ca6ad866a4,2024=Base del cierre 2024; 2025-2026=BAASE del cierre julio 2026; solo Walmart + familia FENDI.
Towell,Walmart,WM,FENDI BD / familia FENDI en Walmart,7501897813191,101285356,7501897813191,Toalla Mb Fendi Rojo,Pedido,pieza (provisional; la tabla no contiene columna Unidad),2025-01,7848.0,False,False,cierre julio 2026 indicado por nombre del archivo; estado por fila no disponible,Estadistica Todas las Cadenas Cierre de Julio 2026.xlsx,BAASE,597,W597,f2aed0844baedefa54c1288830531387b78060ed36690e8df147b921bd63acad,2024=Base del cierre 2024; 2025-2026=BAASE del cierre julio 2026; solo Walmart + familia FENDI.
Towell,Walmart,WM,FENDI BD / familia FENDI en Walmart,7501897813191,101285356,7501897813191,Toalla Mb Fendi Rojo,Pedido,pieza (provisional; la tabla no contiene columna Unidad),2025-02,4620.0,False,False,cierre julio 2026 indicado por nombre del archivo; estado por fila no disponible,Estadistica Todas las Cadenas Cierre de Julio 2026.xlsx,BAASE,1218,W1218,5afbcf6aa3062325fd56cbdb3fa975f8a3721497d1580cc35175e1ee1ea76b2c,2024=Base del cierre 2024; 2025-2026=BAASE del cierre julio 2026; solo Walmart + familia FENDI.
Towell,Walmart,WM,FENDI BD / familia FENDI en Walmart,7501897813191,101285356,7501897813191,Toalla Mb Fendi Rojo,Pedido,pieza (provisional; la tabla no contiene columna Unidad),2025-03,6588.0,False,False,cierre julio 2026 indicado por nombre del archivo; estado por fila no disponible,Estadistica Todas las Cadenas Cierre de Julio 2026.xlsx,BAASE,1840,W1840,7e66d8b73ce3beb31fa3bf88e68dfd53da0843b53d4a73efd0abbda6b7e4c320,2024=Base del cierre 2024; 2025-2026=BAASE del cierre julio 2026; solo Walmart + familia FENDI.
Towell,Walmart,WM,FENDI BD / familia FENDI en Walmart,7501897813191,101285356,7501897813191,Toalla Mb Fendi Rojo,Pedido,pieza (provisional; la tabla no contiene columna Unidad),2025-04,11676.0,False,False,cierre julio 2026 indicado por nombre del archivo; estado por fila no disponible,Estadistica Todas las Cadenas Cierre de Julio 2026.xlsx,BAASE,2459,W2459,384bc950e233790f4f6a757a12dba8ee470d802b5a1595310bcd4bd89fc5c57f,2024=Base del cierre 2024; 2025-2026=BAASE del cierre julio 2026; solo Walmart + familia FENDI.
Towell,Walmart,WM,FENDI BD / familia FENDI en Walmart,7501897813191,101285356,7501897813191,Toalla Mb Fendi Rojo,Pedido,pieza (provisional; la tabla no contiene columna Unidad),2025-05,14700.0,False,False,cierre julio 2026 indicado por nombre del archivo; estado por fila no disponible,Estadistica Todas las Cadenas Cierre de Julio 2026.xlsx,BAASE,3078,W3078,6b1f36b46b6fc634b4f965e953f9e2bc721cf1e824d1134e992c5d35ed05a60d,2024=Base del cierre 2024; 2025-2026=BAASE del cierre julio 2026; solo Walmart + familia FENDI.
Towell,Walmart,WM,FENDI BD / familia FENDI en Walmart,7501897813191,101285356,7501897813191,Toalla Mb Fendi Rojo,Pedido,pieza (provisional; la tabla no contiene columna Unidad),2025-06,9552.0,False,False,cierre julio 2026 indicado por nombre del archivo; estado por fila no disponible,Estadistica Todas las Cadenas Cierre de Julio 2026.xlsx,BAASE,3700,W3700,9093e0a19cc0388c4ba81565b0bbe426e6862c01983d5d94d01225aab8c01b02,2024=Base del cierre 2024; 2025-2026=BAASE del cierre julio 2026; solo Walmart + familia FENDI.
Towell,Walmart,WM,FENDI BD / familia FENDI en Walmart,7501897813191,101285356,7501897813191,Toalla Mb Fendi Rojo,Pedido,pieza (provisional; la tabla no contiene columna Unidad),2025-07,7632.0,False,False,cierre julio 2026 indicado por nombre del archivo; estado por fila no disponible,Estadistica Todas las Cadenas Cierre de Julio 2026.xlsx,BAASE,4322,W4322,72dc8eb4de12431c2b36344ef58fed6787bd19a59fc00fc6235463f461ca4968,2024=Base del cierre 2024; 2025-2026=BAASE del cierre julio 2026; solo Walmart + familia FENDI.
Towell,Walmart,WM,FENDI BD / familia FENDI en Walmart,7501897813191,101285356,7501897813191,Toalla Mb Fendi Rojo,Pedido,pieza (provisional; la tabla no contiene columna Unidad),2025-08,11568.0,False,False,cierre julio 2026 indicado por nombre del archivo; estado por fila no disponible,Estadistica Todas las Cadenas Cierre de Julio 2026.xlsx,BAASE,4941,W4941,5ae885a7dde4479c06be464ea1f898ff1ef1104defc75df4272d55989ddb20e9,2024=Base del cierre 2024; 2025-2026=BAASE del cierre julio 2026; solo Walmart + familia FENDI.
Towell,Walmart,WM,FENDI BD / familia FENDI en Walmart,7501897813191,101285356,7501897813191,Toalla Mb Fendi Rojo,Pedido,pieza (provisional; la tabla no contiene columna Unidad),2025-09,8460.0,False,False,cierre julio 2026 indicado por nombre del archivo; estado por fila no disponible,Estadistica Todas las Cadenas Cierre de Julio 2026.xlsx,BAASE,5560,W5560,a1819d173596bbab8f21d4a836b316bc422748eacf4c1f1774cdb08b07bc754a,2024=Base del cierre 2024; 2025-2026=BAASE del cierre julio 2026; solo Walmart + familia FENDI.
Towell,Walmart,WM,FENDI BD / familia FENDI en Walmart,7501897813191,101285356,7501897813191,Toalla Mb Fendi Rojo,Pedido,pieza (provisional; la tabla no contiene columna Unidad),2025-10,9504.0,False,False,cierre julio 2026 indicado por nombre del archivo; estado por fila no disponible,Estadistica Todas las Cadenas Cierre de Julio 2026.xlsx,BAASE,6179,W6179,147340439f0b28a1d979c526b5c7871a5d819f91047caf86568bfa9478374905,2024=Base del cierre 2024; 2025-2026=BAASE del cierre julio 2026; solo Walmart + familia FENDI.
Towell,Walmart,WM,FENDI BD / familia FENDI en Walmart,7501897813191,101285356,7501897813191,Toalla Mb Fendi Rojo,Pedido,pieza (provisional; la tabla no contiene columna Unidad),2025-11,11184.0,False,False,cierre julio 2026 indicado por nombre del archivo; estado por fila no disponible,Estadistica Todas las Cadenas Cierre de Julio 2026.xlsx,BAASE,6798,W6798,1e0f48229d53f6a706d6954d0b2c3afe85ee83527e82ab93fe622b6dec480157,2024=Base del cierre 2024; 2025-2026=BAASE del cierre julio 2026; solo Walmart + familia FENDI.
Towell,Walmart,WM,FENDI BD / familia FENDI en Walmart,7501897813191,101285356,7501897813191,Toalla Mb Fendi Rojo,Pedido,pieza (provisional; la tabla no contiene columna Unidad),2025-12,14670.0,False,False,cierre julio 2026 indicado por nombre del archivo; estado por fila no disponible,Estadistica Todas las Cadenas Cierre de Julio 2026.xlsx,BAASE,7417,W7417,e60b18241fb3e6c101ba775375e04e0e5b88eddcc74455ca91b6fa5682114a2c,2024=Base del cierre 2024; 2025-2026=BAASE del cierre julio 2026; solo Walmart + familia FENDI.
Towell,Walmart,WM,FENDI BD / familia FENDI en Walmart,7501897813191,101285356,7501897813191,Toalla Mb Fendi Rojo,Pedido,pieza (provisional; la tabla no contiene columna Unidad),2026-01,25020.0,False,False,cierre julio 2026 indicado por nombre del archivo; estado por fila no disponible,Estadistica Todas las Cadenas Cierre de Julio 2026.xlsx,BAASE,7987,W7987,a5415f2fc9824435522deac200771709478de7961abae0a7a45dfed52076c7c0,2024=Base del cierre 2024; 2025-2026=BAASE del cierre julio 2026; solo Walmart + familia FENDI.
Towell,Walmart,WM,FENDI BD / familia FENDI en Walmart,7501897813191,101285356,7501897813191,Toalla Mb Fendi Rojo,Pedido,pieza (provisional; la tabla no contiene columna Unidad),2026-02,12432.0,False,False,cierre julio 2026 indicado por nombre del archivo; estado por fila no disponible,Estadistica Todas las Cadenas Cierre de Julio 2026.xlsx,BAASE,8566,W8566,4681b9222f9740026932dc3e432f927d25422675f72abb0f06464557bc4d19bd,2024=Base del cierre 2024; 2025-2026=BAASE del cierre julio 2026; solo Walmart + familia FENDI.
Towell,Walmart,WM,FENDI BD / familia FENDI en Walmart,7501897813191,101285356,7501897813191,Toalla Mb Fendi Rojo,Pedido,pieza (provisional; la tabla no contiene columna Unidad),2026-03,13614.0,False,False,cierre julio 2026 indicado por nombre del archivo; estado por fila no disponible,Estadistica Todas las Cadenas Cierre de Julio 2026.xlsx,BAASE,9145,W9145,55db9fb0372c507ec5836be9e74e22373881fa485c24424ba74f7a93e6e0b994,2024=Base del cierre 2024; 2025-2026=BAASE del cierre julio 2026; solo Walmart + familia FENDI.
Towell,Walmart,WM,FENDI BD / familia FENDI en Walmart,7501897813191,101285356,7501897813191,Toalla Mb Fendi Rojo,Pedido,pieza (provisional; la tabla no contiene columna Unidad),2026-04,7134.0,False,False,cierre julio 2026 indicado por nombre del archivo; estado por fila no disponible,Estadistica Todas las Cadenas Cierre de Julio 2026.xlsx,BAASE,9724,W9724,b1ea40ff66c2dd977c4e1dc7214f9df45e44e1ffa6630a8792a8c4c8302b7602,2024=Base del cierre 2024; 2025-2026=BAASE del cierre julio 2026; solo Walmart + familia FENDI.
Towell,Walmart,WM,FENDI BD / familia FENDI en Walmart,7501897813191,101285356,7501897813191,Toalla Mb Fendi Rojo,Pedido,pieza (provisional; la tabla no contiene columna Unidad),2026-05,10188.0,False,False,cierre julio 2026 indicado por nombre del archivo; estado por fila no disponible,Estadistica Todas las Cadenas Cierre de Julio 2026.xlsx,BAASE,10303,W10303,b6fb1cede959f914d6a9153f2e793c9849c45cef84e3cab34158c529bd69abdb,2024=Base del cierre 2024; 2025-2026=BAASE del cierre julio 2026; solo Walmart + familia FENDI.
Towell,Walmart,WM,FENDI BD / familia FENDI en Walmart,7501897813191,101285356,7501897813191,Toalla Mb Fendi Rojo,Pedido,pieza (provisional; la tabla no contiene columna Unidad),2026-06,5646.0,False,False,cierre julio 2026 indicado por nombre del archivo; estado por fila no disponible,Estadistica Todas las Cadenas Cierre de Julio 2026.xlsx,BAASE,10882,W10882,1a471a825469baf3343e4dd32d6938b7e015a079bafe70959639d34ce883378b,2024=Base del cierre 2024; 2025-2026=BAASE del cierre julio 2026; solo Walmart + familia FENDI.
Towell,Walmart,WM,FENDI BD / familia FENDI en Walmart,7501897813191,101285356,7501897813191,Toalla Mb Fendi Rojo,Pedido,pieza (provisional; la tabla no contiene columna Unidad),2026-07,9576.0,False,False,cierre julio 2026 indicado por nombre del archivo; estado por fila no disponible,Estadistica Todas las Cadenas Cierre de Julio 2026.xlsx,BAASE,11461,W11461,ea53e67e9995d8674aa8ddea7391e7907662c0834203628bfd9699da4d3b4d2c,2024=Base del cierre 2024; 2025-2026=BAASE del cierre julio 2026; solo Walmart + familia FENDI.
Towell,Walmart,WM,FENDI BD / familia FENDI en Walmart,7501897816260,101558813,7501897816260,Toalla Mb Fendi Negro,Pedido,pieza (provisional; la tabla no contiene columna Unidad),2026-01,0.0,True,False,cierre julio 2026 indicado por nombre del archivo; estado por fila no disponible,Estadistica Todas las Cadenas Cierre de Julio 2026.xlsx,BAASE,7989,W7989,b43805f787c1b4f177f694e79c7779c3da9cbf78bf2547967f8440f592c09df3,2024=Base del cierre 2024; 2025-2026=BAASE del cierre julio 2026; solo Walmart + familia FENDI.
Towell,Walmart,WM,FENDI BD / familia FENDI en Walmart,7501897816260,101558813,7501897816260,Toalla Mb Fendi Negro,Pedido,pieza (provisional; la tabla no contiene columna Unidad),2026-02,3840.0,False,False,cierre julio 2026 indicado por nombre del archivo; estado por fila no disponible,Estadistica Todas las Cadenas Cierre de Julio 2026.xlsx,BAASE,8568,W8568,0b08822579e5f39a6d7c0cfd2735e89d8dd40ce57f53a4d05096324a3e8ad73d,2024=Base del cierre 2024; 2025-2026=BAASE del cierre julio 2026; solo Walmart + familia FENDI.
Towell,Walmart,WM,FENDI BD / familia FENDI en Walmart,7501897816260,101558813,7501897816260,Toalla Mb Fendi Negro,Pedido,pieza (provisional; la tabla no contiene columna Unidad),2026-03,4686.0,False,False,cierre julio 2026 indicado por nombre del archivo; estado por fila no disponible,Estadistica Todas las Cadenas Cierre de Julio 2026.xlsx,BAASE,9147,W9147,3f0b488affc0032cfb6a8abb1ce9e84c7ef5b82313b4f14fa1023193fc556d11,2024=Base del cierre 2024; 2025-2026=BAASE del cierre julio 2026; solo Walmart + familia FENDI.
Towell,Walmart,WM,FENDI BD / familia FENDI en Walmart,7501897816260,101558813,7501897816260,Toalla Mb Fendi Negro,Pedido,pieza (provisional; la tabla no contiene columna Unidad),2026-04,11088.0,False,False,cierre julio 2026 indicado por nombre del archivo; estado por fila no disponible,Estadistica Todas las Cadenas Cierre de Julio 2026.xlsx,BAASE,9726,W9726,24e77771dc89e074bf446e23f095b7a1052946f6a7f4c999ba0eca4e619396c8,2024=Base del cierre 2024; 2025-2026=BAASE del cierre julio 2026; solo Walmart + familia FENDI.
Towell,Walmart,WM,FENDI BD / familia FENDI en Walmart,7501897816260,101558813,7501897816260,Toalla Mb Fendi Negro,Pedido,pieza (provisional; la tabla no contiene columna Unidad),2026-05,18216.0,False,False,cierre julio 2026 indicado por nombre del archivo; estado por fila no disponible,Estadistica Todas las Cadenas Cierre de Julio 2026.xlsx,BAASE,10305,W10305,2c513e45f495502de4748ccc55b728988a31cd6bf48bfaa3cbf2d0adc5505e16,2024=Base del cierre 2024; 2025-2026=BAASE del cierre julio 2026; solo Walmart + familia FENDI.
Towell,Walmart,WM,FENDI BD / familia FENDI en Walmart,7501897816260,101558813,7501897816260,Toalla Mb Fendi Negro,Pedido,pieza (provisional; la tabla no contiene columna Unidad),2026-06,9036.0,False,False,cierre julio 2026 indicado por nombre del archivo; estado por fila no disponible,Estadistica Todas las Cadenas Cierre de Julio 2026.xlsx,BAASE,10884,W10884,dbcf09adaa414b07943c2284084cd61c76e22bb827b8bdd9aa1835aaf151aa59,2024=Base del cierre 2024; 2025-2026=BAASE del cierre julio 2026; solo Walmart + familia FENDI.
Towell,Walmart,WM,FENDI BD / familia FENDI en Walmart,7501897816260,101558813,7501897816260,Toalla Mb Fendi Negro,Pedido,pieza (provisional; la tabla no contiene columna Unidad),2026-07,20844.0,False,False,cierre julio 2026 indicado por nombre del archivo; estado por fila no disponible,Estadistica Todas las Cadenas Cierre de Julio 2026.xlsx,BAASE,11463,W11463,c8ec2d81b44ba675ee11a1827b275c10c37a08d1cd4f80ccca7798026c3af254,2024=Base del cierre 2024; 2025-2026=BAASE del cierre julio 2026; solo Walmart + familia FENDI.
Towell,Walmart,WM,FENDI BD / familia FENDI en Walmart,7501897816277,101558815,7501897816277,Toalla Mb Fendi Navidad,Pedido,pieza (provisional; la tabla no contiene columna Unidad),2026-01,0.0,True,False,cierre julio 2026 indicado por nombre del archivo; estado por fila no disponible,Estadistica Todas las Cadenas Cierre de Julio 2026.xlsx,BAASE,7990,W7990,d5c1aee98769ba3fb982ef2f2d013e634870ed6fecdd5bfc9f9633a490bdafe9,2024=Base del cierre 2024; 2025-2026=BAASE del cierre julio 2026; solo Walmart + familia FENDI.
Towell,Walmart,WM,FENDI BD / familia FENDI en Walmart,7501897816277,101558815,7501897816277,Toalla Mb Fendi Navidad,Pedido,pieza (provisional; la tabla no contiene columna Unidad),2026-02,3840.0,False,False,cierre julio 2026 indicado por nombre del archivo; estado por fila no disponible,Estadistica Todas las Cadenas Cierre de Julio 2026.xlsx,BAASE,8569,W8569,0011782d5fb4ff20b7fb616eab7b4d26a502e38c4b4c7b06333ac4cdb0872ab1,2024=Base del cierre 2024; 2025-2026=BAASE del cierre julio 2026; solo Walmart + familia FENDI.
Towell,Walmart,WM,FENDI BD / familia FENDI en Walmart,7501897816277,101558815,7501897816277,Toalla Mb Fendi Navidad,Pedido,pieza (provisional; la tabla no contiene columna Unidad),2026-03,5454.0,False,False,cierre julio 2026 indicado por nombre del archivo; estado por fila no disponible,Estadistica Todas las Cadenas Cierre de Julio 2026.xlsx,BAASE,9148,W9148,b4068bf6fb9daa078e117e0e9c18226571412b98753c837306f0efad67065e0c,2024=Base del cierre 2024; 2025-2026=BAASE del cierre julio 2026; solo Walmart + familia FENDI.
Towell,Walmart,WM,FENDI BD / familia FENDI en Walmart,7501897816277,101558815,7501897816277,Toalla Mb Fendi Navidad,Pedido,pieza (provisional; la tabla no contiene columna Unidad),2026-04,6870.0,False,False,cierre julio 2026 indicado por nombre del archivo; estado por fila no disponible,Estadistica Todas las Cadenas Cierre de Julio 2026.xlsx,BAASE,9727,W9727,59d1a74ceb26160ef73f0e934fb8db4ea63be2fbe56e7a3b617e177ffdbedfa4,2024=Base del cierre 2024; 2025-2026=BAASE del cierre julio 2026; solo Walmart + familia FENDI.
Towell,Walmart,WM,FENDI BD / familia FENDI en Walmart,7501897816277,101558815,7501897816277,Toalla Mb Fendi Navidad,Pedido,pieza (provisional; la tabla no contiene columna Unidad),2026-05,9726.0,False,False,cierre julio 2026 indicado por nombre del archivo; estado por fila no disponible,Estadistica Todas las Cadenas Cierre de Julio 2026.xlsx,BAASE,10306,W10306,9f1a1139fc9f3e8dcfe4b4489cfc48eefd7a1a1a24a42194b1140bd3370722e6,2024=Base del cierre 2024; 2025-2026=BAASE del cierre julio 2026; solo Walmart + familia FENDI.
Towell,Walmart,WM,FENDI BD / familia FENDI en Walmart,7501897816277,101558815,7501897816277,Toalla Mb Fendi Navidad,Pedido,pieza (provisional; la tabla no contiene columna Unidad),2026-06,5268.0,False,False,cierre julio 2026 indicado por nombre del archivo; estado por fila no disponible,Estadistica Todas las Cadenas Cierre de Julio 2026.xlsx,BAASE,10885,W10885,3364f4ce5a947cb180f19897a057705d076301f9a16db014f3934d5decf49a94,2024=Base del cierre 2024; 2025-2026=BAASE del cierre julio 2026; solo Walmart + familia FENDI.
Towell,Walmart,WM,FENDI BD / familia FENDI en Walmart,7501897816277,101558815,7501897816277,Toalla Mb Fendi Navidad,Pedido,pieza (provisional; la tabla no contiene columna Unidad),2026-07,12672.0,False,False,cierre julio 2026 indicado por nombre del archivo; estado por fila no disponible,Estadistica Todas las Cadenas Cierre de Julio 2026.xlsx,BAASE,11464,W11464,79f21dbbf14deefbf570d09f3fb0faacb6e2eb2e7c1c4cc05fa277d01ad72901,2024=Base del cierre 2024; 2025-2026=BAASE del cierre julio 2026; solo Walmart + familia FENDI.
Towell,Walmart,WM,FENDI BD / familia FENDI en Walmart,7501897816314,101558814,7501897816314,Toalla Mb Fendi Oxford,Pedido,pieza (provisional; la tabla no contiene columna Unidad),2026-01,0.0,True,False,cierre julio 2026 indicado por nombre del archivo; estado por fila no disponible,Estadistica Todas las Cadenas Cierre de Julio 2026.xlsx,BAASE,7988,W7988,c3ea3e96a981a407ae51000784d5d5ba82c14306a2373e49c427b9b84718b5dd,2024=Base del cierre 2024; 2025-2026=BAASE del cierre julio 2026; solo Walmart + familia FENDI.
Towell,Walmart,WM,FENDI BD / familia FENDI en Walmart,7501897816314,101558814,7501897816314,Toalla Mb Fendi Oxford,Pedido,pieza (provisional; la tabla no contiene columna Unidad),2026-02,6852.0,False,False,cierre julio 2026 indicado por nombre del archivo; estado por fila no disponible,Estadistica Todas las Cadenas Cierre de Julio 2026.xlsx,BAASE,8567,W8567,1ec1c30edae385dd46ccc118e66e5a8cca38776f74e99a44274415ce207bedaf,2024=Base del cierre 2024; 2025-2026=BAASE del cierre julio 2026; solo Walmart + familia FENDI.
Towell,Walmart,WM,FENDI BD / familia FENDI en Walmart,7501897816314,101558814,7501897816314,Toalla Mb Fendi Oxford,Pedido,pieza (provisional; la tabla no contiene columna Unidad),2026-03,10608.0,False,False,cierre julio 2026 indicado por nombre del archivo; estado por fila no disponible,Estadistica Todas las Cadenas Cierre de Julio 2026.xlsx,BAASE,9146,W9146,950b962bb1e1f6884e8c2a888f149280e63229d9d30fa54790adedfd4167353d,2024=Base del cierre 2024; 2025-2026=BAASE del cierre julio 2026; solo Walmart + familia FENDI.
Towell,Walmart,WM,FENDI BD / familia FENDI en Walmart,7501897816314,101558814,7501897816314,Toalla Mb Fendi Oxford,Pedido,pieza (provisional; la tabla no contiene columna Unidad),2026-04,10296.0,False,False,cierre julio 2026 indicado por nombre del archivo; estado por fila no disponible,Estadistica Todas las Cadenas Cierre de Julio 2026.xlsx,BAASE,9725,W9725,7871c6e4c713c36566d7bfd86f2d6fb941ff785af0922b7db2609f901a671f94,2024=Base del cierre 2024; 2025-2026=BAASE del cierre julio 2026; solo Walmart + familia FENDI.
Towell,Walmart,WM,FENDI BD / familia FENDI en Walmart,7501897816314,101558814,7501897816314,Toalla Mb Fendi Oxford,Pedido,pieza (provisional; la tabla no contiene columna Unidad),2026-05,16806.0,False,False,cierre julio 2026 indicado por nombre del archivo; estado por fila no disponible,Estadistica Todas las Cadenas Cierre de Julio 2026.xlsx,BAASE,10304,W10304,a0cd8291895ed15175361d7e6b21f5f63d5bb7ee6a4b098cf7c8fb9806f0141e,2024=Base del cierre 2024; 2025-2026=BAASE del cierre julio 2026; solo Walmart + familia FENDI.
Towell,Walmart,WM,FENDI BD / familia FENDI en Walmart,7501897816314,101558814,7501897816314,Toalla Mb Fendi Oxford,Pedido,pieza (provisional; la tabla no contiene columna Unidad),2026-06,9900.0,False,False,cierre julio 2026 indicado por nombre del archivo; estado por fila no disponible,Estadistica Todas las Cadenas Cierre de Julio 2026.xlsx,BAASE,10883,W10883,5a2c1b770e3c36ddc7a7c64d7711329875c9c7f920290d731d46305a34b9d087,2024=Base del cierre 2024; 2025-2026=BAASE del cierre julio 2026; solo Walmart + familia FENDI.
Towell,Walmart,WM,FENDI BD / familia FENDI en Walmart,7501897816314,101558814,7501897816314,Toalla Mb Fendi Oxford,Pedido,pieza (provisional; la tabla no contiene columna Unidad),2026-07,17604.0,False,False,cierre julio 2026 indicado por nombre del archivo; estado por fila no disponible,Estadistica Todas las Cadenas Cierre de Julio 2026.xlsx,BAASE,11462,W11462,d58c8b2fd543510bbcc7014523e994f7be60ca612857a60312b997ec5e893eb5,2024=Base del cierre 2024; 2025-2026=BAASE del cierre julio 2026; solo Walmart + familia FENDI.
Towell,Walmart,WM,FENDI BD / familia FENDI en Walmart,7501897813122,101285353,7501897813122,TOALLA MB FENDI CHOCOLATE,Venta,eaches/piezas (provisional por encabezado; confirmar unidad oficial),2024-01,0.0,True,False,no documentado en fuente,Estadistica Venta Resurtible WM 2024 Dic 2024.xlsx,Base,111,H111,fb021c3bdce106f22cca1ef7655355756fc3dbe7a42f4a0fe9d0d42c200e67e0,2024=Base del cierre 2024; 2025-2026=BAASE del cierre julio 2026; solo Walmart + familia FENDI.
Towell,Walmart,WM,FENDI BD / familia FENDI en Walmart,7501897813122,101285353,7501897813122,TOALLA MB FENDI CHOCOLATE,Venta,eaches/piezas (provisional por encabezado; confirmar unidad oficial),2024-02,0.0,True,False,no documentado en fuente,Estadistica Venta Resurtible WM 2024 Dic 2024.xlsx,Base,111,M111,1b096a3fc372967e1294305afbbd930171300cfbf04934552e1cd047d644dbe4,2024=Base del cierre 2024; 2025-2026=BAASE del cierre julio 2026; solo Walmart + familia FENDI.
Towell,Walmart,WM,FENDI BD / familia FENDI en Walmart,7501897813122,101285353,7501897813122,TOALLA MB FENDI CHOCOLATE,Venta,eaches/piezas (provisional por encabezado; confirmar unidad oficial),2024-03,0.0,True,False,no documentado en fuente,Estadistica Venta Resurtible WM 2024 Dic 2024.xlsx,Base,111,R111,8eec3479fa604d548906267dcad2e133aff2c7885ae127881283f3257df88ce4,2024=Base del cierre 2024; 2025-2026=BAASE del cierre julio 2026; solo Walmart + familia FENDI.
Towell,Walmart,WM,FENDI BD / familia FENDI en Walmart,7501897813122,101285353,7501897813122,TOALLA MB FENDI CHOCOLATE,Venta,eaches/piezas (provisional por encabezado; confirmar unidad oficial),2024-04,0.0,True,False,no documentado en fuente,Estadistica Venta Resurtible WM 2024 Dic 2024.xlsx,Base,111,W111,6c2c0702016a42d893431d499ff3c8053313e267446158c3b30aba51643846d0,2024=Base del cierre 2024; 2025-2026=BAASE del cierre julio 2026; solo Walmart + familia FENDI.
Towell,Walmart,WM,FENDI BD / familia FENDI en Walmart,7501897813122,101285353,7501897813122,TOALLA MB FENDI CHOCOLATE,Venta,eaches/piezas (provisional por encabezado; confirmar unidad oficial),2024-05,0.0,True,False,no documentado en fuente,Estadistica Venta Resurtible WM 2024 Dic 2024.xlsx,Base,111,AB111,af0a00cb1cc2c64067f7841d622f65dd6e903ab7f354879dc8a3b0fcde9f27e4,2024=Base del cierre 2024; 2025-2026=BAASE del cierre julio 2026; solo Walmart + familia FENDI.
Towell,Walmart,WM,FENDI BD / familia FENDI en Walmart,7501897813122,101285353,7501897813122,TOALLA MB FENDI CHOCOLATE,Venta,eaches/piezas (provisional por encabezado; confirmar unidad oficial),2024-06,0.0,True,False,no documentado en fuente,Estadistica Venta Resurtible WM 2024 Dic 2024.xlsx,Base,111,AG111,e0b5cd0a4d82e81bdd41854bd9f34247969756e92a2636ff81352482c2a2c0b1,2024=Base del cierre 2024; 2025-2026=BAASE del cierre julio 2026; solo Walmart + familia FENDI.
Towell,Walmart,WM,FENDI BD / familia FENDI en Walmart,7501897813122,101285353,7501897813122,TOALLA MB FENDI CHOCOLATE,Venta,eaches/piezas (provisional por encabezado; confirmar unidad oficial),2024-07,0.0,True,False,no documentado en fuente,Estadistica Venta Resurtible WM 2024 Dic 2024.xlsx,Base,111,AL111,ff7f7ef5ffd9f4ba702cdd4b7ef669cb9d3d63b1abcbd9f556892661c82ce25e,2024=Base del cierre 2024; 2025-2026=BAASE del cierre julio 2026; solo Walmart + familia FENDI.
Towell,Walmart,WM,FENDI BD / familia FENDI en Walmart,7501897813122,101285353,7501897813122,TOALLA MB FENDI CHOCOLATE,Venta,eaches/piezas (provisional por encabezado; confirmar unidad oficial),2024-08,0.0,True,False,no documentado en fuente,Estadistica Venta Resurtible WM 2024 Dic 2024.xlsx,Base,111,AQ111,39f3d21a5601970464122d617a076352ddf8c5148519445f77796c3f69fd360a,2024=Base del cierre 2024; 2025-2026=BAASE del cierre julio 2026; solo Walmart + familia FENDI.
Towell,Walmart,WM,FENDI BD / familia FENDI en Walmart,7501897813122,101285353,7501897813122,TOALLA MB FENDI CHOCOLATE,Venta,eaches/piezas (provisional por encabezado; confirmar unidad oficial),2024-09,1.0,False,False,no documentado en fuente,Estadistica Venta Resurtible WM 2024 Dic 2024.xlsx,Base,111,AV111,7b4d47328a8cba31d9af068ee882d88129f8749aa1ce479f01d4e24f3efe0d78,2024=Base del cierre 2024; 2025-2026=BAASE del cierre julio 2026; solo Walmart + familia FENDI.
Towell,Walmart,WM,FENDI BD / familia FENDI en Walmart,7501897813122,101285353,7501897813122,TOALLA MB FENDI CHOCOLATE,Venta,eaches/piezas (provisional por encabezado; confirmar unidad oficial),2024-10,2037.0,False,False,no documentado en fuente,Estadistica Venta Resurtible WM 2024 Dic 2024.xlsx,Base,111,BA111,0829ef4daf686a908030a73fa738e6b97c3267fdcc0cb25a40628ae1f7ffac75,2024=Base del cierre 2024; 2025-2026=BAASE del cierre julio 2026; solo Walmart + familia FENDI.
Towell,Walmart,WM,FENDI BD / familia FENDI en Walmart,7501897813122,101285353,7501897813122,TOALLA MB FENDI CHOCOLATE,Venta,eaches/piezas (provisional por encabezado; confirmar unidad oficial),2024-11,4245.0,False,False,no documentado en fuente,Estadistica Venta Resurtible WM 2024 Dic 2024.xlsx,Base,111,BF111,ff9e07405424a624120894920aab8ff436cb5a109e0efea0d4c258c515f2aede,2024=Base del cierre 2024; 2025-2026=BAASE del cierre julio 2026; solo Walmart + familia FENDI.
Towell,Walmart,WM,FENDI BD / familia FENDI en Walmart,7501897813122,101285353,7501897813122,TOALLA MB FENDI CHOCOLATE,Venta,eaches/piezas (provisional por encabezado; confirmar unidad oficial),2024-12,5528.0,False,False,no documentado en fuente,Estadistica Venta Resurtible WM 2024 Dic 2024.xlsx,Base,111,BK111,d44f37f9db4bd6514de92820a35780913c43e78c223d6d945279d0628aebc506,2024=Base del cierre 2024; 2025-2026=BAASE del cierre julio 2026; solo Walmart + familia FENDI.
Towell,Walmart,WM,FENDI BD / familia FENDI en Walmart,7501897813122,101285353,7501897813122,Toalla Mb Fendi Chocolate,Venta,pieza (provisional; la tabla no contiene columna Unidad),2025-01,7320.0,False,False,cierre julio 2026 indicado por nombre del archivo; estado por fila no disponible,Estadistica Todas las Cadenas Cierre de Julio 2026.xlsx,BAASE,590,V590,f745b4ddd700528c4461c3b0f61d899cfeb23804f28551464be6e0000e2d1a76,2024=Base del cierre 2024; 2025-2026=BAASE del cierre julio 2026; solo Walmart + familia FENDI.
Towell,Walmart,WM,FENDI BD / familia FENDI en Walmart,7501897813122,101285353,7501897813122,Toalla Mb Fendi Chocolate,Venta,pieza (provisional; la tabla no contiene columna Unidad),2025-02,5473.0,False,False,cierre julio 2026 indicado por nombre del archivo; estado por fila no disponible,Estadistica Todas las Cadenas Cierre de Julio 2026.xlsx,BAASE,1211,V1211,d9d14e6ba48a3f209606420ced97dc0641b67eecd5ff5d23ddad653fff4e7ffa,2024=Base del cierre 2024; 2025-2026=BAASE del cierre julio 2026; solo Walmart + familia FENDI.
Towell,Walmart,WM,FENDI BD / familia FENDI en Walmart,7501897813122,101285353,7501897813122,Toalla Mb Fendi Chocolate,Venta,pieza (provisional; la tabla no contiene columna Unidad),2025-03,8671.0,False,False,cierre julio 2026 indicado por nombre del archivo; estado por fila no disponible,Estadistica Todas las Cadenas Cierre de Julio 2026.xlsx,BAASE,1833,V1833,91960193ff3808ca7e3cfcef1ec704773370cc0952ef12978978a81e06d7d3b3,2024=Base del cierre 2024; 2025-2026=BAASE del cierre julio 2026; solo Walmart + familia FENDI.
Towell,Walmart,WM,FENDI BD / familia FENDI en Walmart,7501897813122,101285353,7501897813122,Toalla Mb Fendi Chocolate,Venta,pieza (provisional; la tabla no contiene columna Unidad),2025-04,8786.0,False,False,cierre julio 2026 indicado por nombre del archivo; estado por fila no disponible,Estadistica Todas las Cadenas Cierre de Julio 2026.xlsx,BAASE,2452,V2452,af5fb2551907bc2cb750db9432e27b0c4c161ac0f45f23e5760953dcd72ef670,2024=Base del cierre 2024; 2025-2026=BAASE del cierre julio 2026; solo Walmart + familia FENDI.
Towell,Walmart,WM,FENDI BD / familia FENDI en Walmart,7501897813122,101285353,7501897813122,Toalla Mb Fendi Chocolate,Venta,pieza (provisional; la tabla no contiene columna Unidad),2025-05,7483.0,False,False,cierre julio 2026 indicado por nombre del archivo; estado por fila no disponible,Estadistica Todas las Cadenas Cierre de Julio 2026.xlsx,BAASE,3071,V3071,e4f8db2e520d1353c9f138eeb0858d30978aa48992f605016d8e357603fd16a4,2024=Base del cierre 2024; 2025-2026=BAASE del cierre julio 2026; solo Walmart + familia FENDI.
Towell,Walmart,WM,FENDI BD / familia FENDI en Walmart,7501897813122,101285353,7501897813122,Toalla Mb Fendi Chocolate,Venta,pieza (provisional; la tabla no contiene columna Unidad),2025-06,10512.0,False,False,cierre julio 2026 indicado por nombre del archivo; estado por fila no disponible,Estadistica Todas las Cadenas Cierre de Julio 2026.xlsx,BAASE,3693,V3693,8ae6731af2a556011279282b51dbea9cd75681742bd5d5182101d22421807a02,2024=Base del cierre 2024; 2025-2026=BAASE del cierre julio 2026; solo Walmart + familia FENDI.
Towell,Walmart,WM,FENDI BD / familia FENDI en Walmart,7501897813122,101285353,7501897813122,Toalla Mb Fendi Chocolate,Venta,pieza (provisional; la tabla no contiene columna Unidad),2025-07,9512.0,False,False,cierre julio 2026 indicado por nombre del archivo; estado por fila no disponible,Estadistica Todas las Cadenas Cierre de Julio 2026.xlsx,BAASE,4315,V4315,b5c8ac2e6eee3989091ae9824d25606a85d53538c21b66244b32b9f3467d2f80,2024=Base del cierre 2024; 2025-2026=BAASE del cierre julio 2026; solo Walmart + familia FENDI.
Towell,Walmart,WM,FENDI BD / familia FENDI en Walmart,7501897813122,101285353,7501897813122,Toalla Mb Fendi Chocolate,Venta,pieza (provisional; la tabla no contiene columna Unidad),2025-08,8229.0,False,False,cierre julio 2026 indicado por nombre del archivo; estado por fila no disponible,Estadistica Todas las Cadenas Cierre de Julio 2026.xlsx,BAASE,4934,V4934,62f42a7c7ef83ce2f948098db5f72b72b983bdc69447a65daebeeaf793ef1437,2024=Base del cierre 2024; 2025-2026=BAASE del cierre julio 2026; solo Walmart + familia FENDI.
Towell,Walmart,WM,FENDI BD / familia FENDI en Walmart,7501897813122,101285353,7501897813122,Toalla Mb Fendi Chocolate,Venta,pieza (provisional; la tabla no contiene columna Unidad),2025-09,9408.0,False,False,cierre julio 2026 indicado por nombre del archivo; estado por fila no disponible,Estadistica Todas las Cadenas Cierre de Julio 2026.xlsx,BAASE,5553,V5553,977ee8dae1d68e9a26e6f4bbe8475096ef0db938d3f62ad824e9abb269d49eb9,2024=Base del cierre 2024; 2025-2026=BAASE del cierre julio 2026; solo Walmart + familia FENDI.
Towell,Walmart,WM,FENDI BD / familia FENDI en Walmart,7501897813122,101285353,7501897813122,Toalla Mb Fendi Chocolate,Venta,pieza (provisional; la tabla no contiene columna Unidad),2025-10,7358.0,False,False,cierre julio 2026 indicado por nombre del archivo; estado por fila no disponible,Estadistica Todas las Cadenas Cierre de Julio 2026.xlsx,BAASE,6172,V6172,bcb2b2081648ea5044f2a27eac244799b8c974c754f1bf9d773b29c88f5ae75f,2024=Base del cierre 2024; 2025-2026=BAASE del cierre julio 2026; solo Walmart + familia FENDI.
Towell,Walmart,WM,FENDI BD / familia FENDI en Walmart,7501897813122,101285353,7501897813122,Toalla Mb Fendi Chocolate,Venta,pieza (provisional; la tabla no contiene columna Unidad),2025-11,7415.0,False,False,cierre julio 2026 indicado por nombre del archivo; estado por fila no disponible,Estadistica Todas las Cadenas Cierre de Julio 2026.xlsx,BAASE,6791,V6791,f5a15353ed98e8d71a77e76870e560ab3b78a2ef1bb57b1e275b2b5dcc58af9e,2024=Base del cierre 2024; 2025-2026=BAASE del cierre julio 2026; solo Walmart + familia FENDI.
Towell,Walmart,WM,FENDI BD / familia FENDI en Walmart,7501897813122,101285353,7501897813122,Toalla Mb Fendi Chocolate,Venta,pieza (provisional; la tabla no contiene columna Unidad),2025-12,14242.0,False,False,cierre julio 2026 indicado por nombre del archivo; estado por fila no disponible,Estadistica Todas las Cadenas Cierre de Julio 2026.xlsx,BAASE,7410,V7410,23e6b9251c230be0ea3588867f7d14e0fb0977c436a81e71fc5f23da7456a106,2024=Base del cierre 2024; 2025-2026=BAASE del cierre julio 2026; solo Walmart + familia FENDI.
Towell,Walmart,WM,FENDI BD / familia FENDI en Walmart,7501897813122,101285353,7501897813122,Toalla Mb Fendi Chocolate,Venta,pieza (provisional; la tabla no contiene columna Unidad),2026-01,10613.0,False,False,cierre julio 2026 indicado por nombre del archivo; estado por fila no disponible,Estadistica Todas las Cadenas Cierre de Julio 2026.xlsx,BAASE,7980,V7980,cc2089cbe3b970417949fafc27af89e23d1f36bbcb692b3dfbb4ef16f97b452a,2024=Base del cierre 2024; 2025-2026=BAASE del cierre julio 2026; solo Walmart + familia FENDI.
Towell,Walmart,WM,FENDI BD / familia FENDI en Walmart,7501897813122,101285353,7501897813122,Toalla Mb Fendi Chocolate,Venta,pieza (provisional; la tabla no contiene columna Unidad),2026-02,10974.0,False,False,cierre julio 2026 indicado por nombre del archivo; estado por fila no disponible,Estadistica Todas las Cadenas Cierre de Julio 2026.xlsx,BAASE,8559,V8559,d3d5fd6a6b3aa366f8b1d4f7bc94b93fb6ddfae8ae8dbca7d51c3272bbbeccde,2024=Base del cierre 2024; 2025-2026=BAASE del cierre julio 2026; solo Walmart + familia FENDI.
Towell,Walmart,WM,FENDI BD / familia FENDI en Walmart,7501897813122,101285353,7501897813122,Toalla Mb Fendi Chocolate,Venta,pieza (provisional; la tabla no contiene columna Unidad),2026-03,15152.0,False,False,cierre julio 2026 indicado por nombre del archivo; estado por fila no disponible,Estadistica Todas las Cadenas Cierre de Julio 2026.xlsx,BAASE,9138,V9138,132d75beb3df041e1ecd430f8992b9260aa316ce4fe9f8834e61824ad7b10bd2,2024=Base del cierre 2024; 2025-2026=BAASE del cierre julio 2026; solo Walmart + familia FENDI.
Towell,Walmart,WM,FENDI BD / familia FENDI en Walmart,7501897813122,101285353,7501897813122,Toalla Mb Fendi Chocolate,Venta,pieza (provisional; la tabla no contiene columna Unidad),2026-04,13293.0,False,False,cierre julio 2026 indicado por nombre del archivo; estado por fila no disponible,Estadistica Todas las Cadenas Cierre de Julio 2026.xlsx,BAASE,9717,V9717,758aaa666afc713125d58f56400686c3888b3c5798949628146059f2754015df,2024=Base del cierre 2024; 2025-2026=BAASE del cierre julio 2026; solo Walmart + familia FENDI.
Towell,Walmart,WM,FENDI BD / familia FENDI en Walmart,7501897813122,101285353,7501897813122,Toalla Mb Fendi Chocolate,Venta,pieza (provisional; la tabla no contiene columna Unidad),2026-05,12670.0,False,False,cierre julio 2026 indicado por nombre del archivo; estado por fila no disponible,Estadistica Todas las Cadenas Cierre de Julio 2026.xlsx,BAASE,10296,V10296,4eda6c88d2cbfa0f1f752efcdc6308adddfafec2d664349b22492ef67e5880d4,2024=Base del cierre 2024; 2025-2026=BAASE del cierre julio 2026; solo Walmart + familia FENDI.
Towell,Walmart,WM,FENDI BD / familia FENDI en Walmart,7501897813122,101285353,7501897813122,Toalla Mb Fendi Chocolate,Venta,pieza (provisional; la tabla no contiene columna Unidad),2026-06,17087.0,False,False,cierre julio 2026 indicado por nombre del archivo; estado por fila no disponible,Estadistica Todas las Cadenas Cierre de Julio 2026.xlsx,BAASE,10875,V10875,c4da0f7267995d11d16ba61e49aa1f8b9898525ced035ca19cf9d7777fe9f5a1,2024=Base del cierre 2024; 2025-2026=BAASE del cierre julio 2026; solo Walmart + familia FENDI.
Towell,Walmart,WM,FENDI BD / familia FENDI en Walmart,7501897813122,101285353,7501897813122,Toalla Mb Fendi Chocolate,Venta,pieza (provisional; la tabla no contiene columna Unidad),2026-07,13600.0,False,False,cierre julio 2026 indicado por nombre del archivo; estado por fila no disponible,Estadistica Todas las Cadenas Cierre de Julio 2026.xlsx,BAASE,11454,V11454,e013843091d412a2a65806b444976543105e666fa15aff216b255a1bd39e9645,2024=Base del cierre 2024; 2025-2026=BAASE del cierre julio 2026; solo Walmart + familia FENDI.
Towell,Walmart,WM,FENDI BD / familia FENDI en Walmart,7501897813139,101285349,7501897813139,TOALLA MB FENDI MORADO,Venta,eaches/piezas (provisional por encabezado; confirmar unidad oficial),2024-01,0.0,True,False,no documentado en fuente,Estadistica Venta Resurtible WM 2024 Dic 2024.xlsx,Base,109,H109,1de21e87a4a8aaa5510dfcb5939a7d0fdd1bbd830acbc64eebe696203f2e54d9,2024=Base del cierre 2024; 2025-2026=BAASE del cierre julio 2026; solo Walmart + familia FENDI.
Towell,Walmart,WM,FENDI BD / familia FENDI en Walmart,7501897813139,101285349,7501897813139,TOALLA MB FENDI MORADO,Venta,eaches/piezas (provisional por encabezado; confirmar unidad oficial),2024-02,0.0,True,False,no documentado en fuente,Estadistica Venta Resurtible WM 2024 Dic 2024.xlsx,Base,109,M109,4f9ed5154ecd6e71db504a7231814a8e1aa611cc908527e33ce9123871d22086,2024=Base del cierre 2024; 2025-2026=BAASE del cierre julio 2026; solo Walmart + familia FENDI.
Towell,Walmart,WM,FENDI BD / familia FENDI en Walmart,7501897813139,101285349,7501897813139,TOALLA MB FENDI MORADO,Venta,eaches/piezas (provisional por encabezado; confirmar unidad oficial),2024-03,0.0,True,False,no documentado en fuente,Estadistica Venta Resurtible WM 2024 Dic 2024.xlsx,Base,109,R109,453312f59648cbbd025e3a99ead6c777fcab314b6cdd49f345b233d3fbb0e4a6,2024=Base del cierre 2024; 2025-2026=BAASE del cierre julio 2026; solo Walmart + familia FENDI.
Towell,Walmart,WM,FENDI BD / familia FENDI en Walmart,7501897813139,101285349,7501897813139,TOALLA MB FENDI MORADO,Venta,eaches/piezas (provisional por encabezado; confirmar unidad oficial),2024-04,0.0,True,False,no documentado en fuente,Estadistica Venta Resurtible WM 2024 Dic 2024.xlsx,Base,109,W109,10bf1749056825de57b60ff2ba221002e1d336378b7014bc69eaecef56e53348,2024=Base del cierre 2024; 2025-2026=BAASE del cierre julio 2026; solo Walmart + familia FENDI.
Towell,Walmart,WM,FENDI BD / familia FENDI en Walmart,7501897813139,101285349,7501897813139,TOALLA MB FENDI MORADO,Venta,eaches/piezas (provisional por encabezado; confirmar unidad oficial),2024-05,0.0,True,False,no documentado en fuente,Estadistica Venta Resurtible WM 2024 Dic 2024.xlsx,Base,109,AB109,ff39e69ed22b2677d8c833738e9a2f888db7ea048df48a291a2fc6e6dbefcdab,2024=Base del cierre 2024; 2025-2026=BAASE del cierre julio 2026; solo Walmart + familia FENDI.
Towell,Walmart,WM,FENDI BD / familia FENDI en Walmart,7501897813139,101285349,7501897813139,TOALLA MB FENDI MORADO,Venta,eaches/piezas (provisional por encabezado; confirmar unidad oficial),2024-06,0.0,True,False,no documentado en fuente,Estadistica Venta Resurtible WM 2024 Dic 2024.xlsx,Base,109,AG109,32d6e193a602ec90d29a8dbf256da82d2a081ecc72d1e281c601fc0340fd8d1d,2024=Base del cierre 2024; 2025-2026=BAASE del cierre julio 2026; solo Walmart + familia FENDI.
Towell,Walmart,WM,FENDI BD / familia FENDI en Walmart,7501897813139,101285349,7501897813139,TOALLA MB FENDI MORADO,Venta,eaches/piezas (provisional por encabezado; confirmar unidad oficial),2024-07,0.0,True,False,no documentado en fuente,Estadistica Venta Resurtible WM 2024 Dic 2024.xlsx,Base,109,AL109,6a178f5c1e1fa4d7afa0e5f1d5b12a0637477c5f3e31eae727577e577eb59a1b,2024=Base del cierre 2024; 2025-2026=BAASE del cierre julio 2026; solo Walmart + familia FENDI.
Towell,Walmart,WM,FENDI BD / familia FENDI en Walmart,7501897813139,101285349,7501897813139,TOALLA MB FENDI MORADO,Venta,eaches/piezas (provisional por encabezado; confirmar unidad oficial),2024-08,0.0,True,False,no documentado en fuente,Estadistica Venta Resurtible WM 2024 Dic 2024.xlsx,Base,109,AQ109,c0d3a34c2690d65893abdf8bd713a82df4dee0f5a9b86a5022186312a0622abe,2024=Base del cierre 2024; 2025-2026=BAASE del cierre julio 2026; solo Walmart + familia FENDI.
Towell,Walmart,WM,FENDI BD / familia FENDI en Walmart,7501897813139,101285349,7501897813139,TOALLA MB FENDI MORADO,Venta,eaches/piezas (provisional por encabezado; confirmar unidad oficial),2024-09,4.0,False,False,no documentado en fuente,Estadistica Venta Resurtible WM 2024 Dic 2024.xlsx,Base,109,AV109,c7974c53c8d9be4b2aa43473a2d0d25c3eb22f710f198d616815531fc9e1ab91,2024=Base del cierre 2024; 2025-2026=BAASE del cierre julio 2026; solo Walmart + familia FENDI.
Towell,Walmart,WM,FENDI BD / familia FENDI en Walmart,7501897813139,101285349,7501897813139,TOALLA MB FENDI MORADO,Venta,eaches/piezas (provisional por encabezado; confirmar unidad oficial),2024-10,2110.0,False,False,no documentado en fuente,Estadistica Venta Resurtible WM 2024 Dic 2024.xlsx,Base,109,BA109,7822707aed3b7ab041d7bf9a26648b6a15acfb352db6fe183f98f41112fe79b0,2024=Base del cierre 2024; 2025-2026=BAASE del cierre julio 2026; solo Walmart + familia FENDI.
Towell,Walmart,WM,FENDI BD / familia FENDI en Walmart,7501897813139,101285349,7501897813139,TOALLA MB FENDI MORADO,Venta,eaches/piezas (provisional por encabezado; confirmar unidad oficial),2024-11,4480.0,False,False,no documentado en fuente,Estadistica Venta Resurtible WM 2024 Dic 2024.xlsx,Base,109,BF109,38fced623ee1bee91cf2bcfb6a914d0fdbb3b3090adabb74973f1d5e2a963656,2024=Base del cierre 2024; 2025-2026=BAASE del cierre julio 2026; solo Walmart + familia FENDI.
Towell,Walmart,WM,FENDI BD / familia FENDI en Walmart,7501897813139,101285349,7501897813139,TOALLA MB FENDI MORADO,Venta,eaches/piezas (provisional por encabezado; confirmar unidad oficial),2024-12,5502.0,False,False,no documentado en fuente,Estadistica Venta Resurtible WM 2024 Dic 2024.xlsx,Base,109,BK109,c49780166602fc96d64a2e53202a06b8e00ff24c16431be62e2477fb8f15696e,2024=Base del cierre 2024; 2025-2026=BAASE del cierre julio 2026; solo Walmart + familia FENDI.
Towell,Walmart,WM,FENDI BD / familia FENDI en Walmart,7501897813139,101285349,7501897813139,Toalla Mb Fendi Morado,Venta,pieza (provisional; la tabla no contiene columna Unidad),2025-01,6769.0,False,False,cierre julio 2026 indicado por nombre del archivo; estado por fila no disponible,Estadistica Todas las Cadenas Cierre de Julio 2026.xlsx,BAASE,591,V591,038d18dfaf269fbb017f28ca0988177ad81551f2e8d526c0589252a6c0f2611c,2024=Base del cierre 2024; 2025-2026=BAASE del cierre julio 2026; solo Walmart + familia FENDI.
Towell,Walmart,WM,FENDI BD / familia FENDI en Walmart,7501897813139,101285349,7501897813139,Toalla Mb Fendi Morado,Venta,pieza (provisional; la tabla no contiene columna Unidad),2025-02,5095.0,False,False,cierre julio 2026 indicado por nombre del archivo; estado por fila no disponible,Estadistica Todas las Cadenas Cierre de Julio 2026.xlsx,BAASE,1212,V1212,3afdc3869e9ea1348730a6dfbfa59ebbaa67ea36343f94a1180151a1cca249c5,2024=Base del cierre 2024; 2025-2026=BAASE del cierre julio 2026; solo Walmart + familia FENDI.
Towell,Walmart,WM,FENDI BD / familia FENDI en Walmart,7501897813139,101285349,7501897813139,Toalla Mb Fendi Morado,Venta,pieza (provisional; la tabla no contiene columna Unidad),2025-03,7451.0,False,False,cierre julio 2026 indicado por nombre del archivo; estado por fila no disponible,Estadistica Todas las Cadenas Cierre de Julio 2026.xlsx,BAASE,1834,V1834,bad1cbbef7cf2901aa0139c3b50b36cd39d17b6e5dc4ed21614972011dba33f4,2024=Base del cierre 2024; 2025-2026=BAASE del cierre julio 2026; solo Walmart + familia FENDI.
Towell,Walmart,WM,FENDI BD / familia FENDI en Walmart,7501897813139,101285349,7501897813139,Toalla Mb Fendi Morado,Venta,pieza (provisional; la tabla no contiene columna Unidad),2025-04,7964.0,False,False,cierre julio 2026 indicado por nombre del archivo; estado por fila no disponible,Estadistica Todas las Cadenas Cierre de Julio 2026.xlsx,BAASE,2453,V2453,19a1d703128abee9321b5081a45d19ddee0ac7d645a68a7a827a038172bab89f,2024=Base del cierre 2024; 2025-2026=BAASE del cierre julio 2026; solo Walmart + familia FENDI.
Towell,Walmart,WM,FENDI BD / familia FENDI en Walmart,7501897813139,101285349,7501897813139,Toalla Mb Fendi Morado,Venta,pieza (provisional; la tabla no contiene columna Unidad),2025-05,5956.0,False,False,cierre julio 2026 indicado por nombre del archivo; estado por fila no disponible,Estadistica Todas las Cadenas Cierre de Julio 2026.xlsx,BAASE,3072,V3072,f3ff7715459b57e5a337c93e6a170cc7f71d9cc4d150beaa6c29c344cb864f41,2024=Base del cierre 2024; 2025-2026=BAASE del cierre julio 2026; solo Walmart + familia FENDI.
Towell,Walmart,WM,FENDI BD / familia FENDI en Walmart,7501897813139,101285349,7501897813139,Toalla Mb Fendi Morado,Venta,pieza (provisional; la tabla no contiene columna Unidad),2025-06,9534.0,False,False,cierre julio 2026 indicado por nombre del archivo; estado por fila no disponible,Estadistica Todas las Cadenas Cierre de Julio 2026.xlsx,BAASE,3694,V3694,33f70fa4fe356b7c14c30ee1cb35958d4b70d2e4788bae27f876ea379dd890e2,2024=Base del cierre 2024; 2025-2026=BAASE del cierre julio 2026; solo Walmart + familia FENDI.
Towell,Walmart,WM,FENDI BD / familia FENDI en Walmart,7501897813139,101285349,7501897813139,Toalla Mb Fendi Morado,Venta,pieza (provisional; la tabla no contiene columna Unidad),2025-07,8448.0,False,False,cierre julio 2026 indicado por nombre del archivo; estado por fila no disponible,Estadistica Todas las Cadenas Cierre de Julio 2026.xlsx,BAASE,4316,V4316,17eee3f2dc13dcfa021c83c13ea2c77731f0c56a2d8888526666b08b79a0b9e1,2024=Base del cierre 2024; 2025-2026=BAASE del cierre julio 2026; solo Walmart + familia FENDI.
Towell,Walmart,WM,FENDI BD / familia FENDI en Walmart,7501897813139,101285349,7501897813139,Toalla Mb Fendi Morado,Venta,pieza (provisional; la tabla no contiene columna Unidad),2025-08,7115.0,False,False,cierre julio 2026 indicado por nombre del archivo; estado por fila no disponible,Estadistica Todas las Cadenas Cierre de Julio 2026.xlsx,BAASE,4935,V4935,b006000263151708be2b1897ec5dd891f89736c5b1da145ce90ff4365487c806,2024=Base del cierre 2024; 2025-2026=BAASE del cierre julio 2026; solo Walmart + familia FENDI.
Towell,Walmart,WM,FENDI BD / familia FENDI en Walmart,7501897813139,101285349,7501897813139,Toalla Mb Fendi Morado,Venta,pieza (provisional; la tabla no contiene columna Unidad),2025-09,7964.0,False,False,cierre julio 2026 indicado por nombre del archivo; estado por fila no disponible,Estadistica Todas las Cadenas Cierre de Julio 2026.xlsx,BAASE,5554,V5554,eee6b1067dbedea8c4fe37124383b75ccdd9cc68904154f67cc4bc640357afd0,2024=Base del cierre 2024; 2025-2026=BAASE del cierre julio 2026; solo Walmart + familia FENDI.
Towell,Walmart,WM,FENDI BD / familia FENDI en Walmart,7501897813139,101285349,7501897813139,Toalla Mb Fendi Morado,Venta,pieza (provisional; la tabla no contiene columna Unidad),2025-10,5961.0,False,False,cierre julio 2026 indicado por nombre del archivo; estado por fila no disponible,Estadistica Todas las Cadenas Cierre de Julio 2026.xlsx,BAASE,6173,V6173,03a93671dd1526f8dc555a6f05044ba16b6d3f63c16566dce35f4bd1f560f97c,2024=Base del cierre 2024; 2025-2026=BAASE del cierre julio 2026; solo Walmart + familia FENDI.
Towell,Walmart,WM,FENDI BD / familia FENDI en Walmart,7501897813139,101285349,7501897813139,Toalla Mb Fendi Morado,Venta,pieza (provisional; la tabla no contiene columna Unidad),2025-11,6363.0,False,False,cierre julio 2026 indicado por nombre del archivo; estado por fila no disponible,Estadistica Todas las Cadenas Cierre de Julio 2026.xlsx,BAASE,6792,V6792,0f768feb4438469ebe1d7b775dd9fcd3ee8a40884ec88852b47c4a908c2f6f09,2024=Base del cierre 2024; 2025-2026=BAASE del cierre julio 2026; solo Walmart + familia FENDI.
Towell,Walmart,WM,FENDI BD / familia FENDI en Walmart,7501897813139,101285349,7501897813139,Toalla Mb Fendi Morado,Venta,pieza (provisional; la tabla no contiene columna Unidad),2025-12,11347.0,False,False,cierre julio 2026 indicado por nombre del archivo; estado por fila no disponible,Estadistica Todas las Cadenas Cierre de Julio 2026.xlsx,BAASE,7411,V7411,dfd53c49b68902041dda1b64247224eeba7cb97eba3e23eccab9c0c6f641190e,2024=Base del cierre 2024; 2025-2026=BAASE del cierre julio 2026; solo Walmart + familia FENDI.
Towell,Walmart,WM,FENDI BD / familia FENDI en Walmart,7501897813139,101285349,7501897813139,Toalla Mb Fendi Morado,Venta,pieza (provisional; la tabla no contiene columna Unidad),2026-01,8559.0,False,False,cierre julio 2026 indicado por nombre del archivo; estado por fila no disponible,Estadistica Todas las Cadenas Cierre de Julio 2026.xlsx,BAASE,7981,V7981,a6360e3cb2e711eb21d834a4631ba6aedd2b613b42737d6886f7607f283e1f8c,2024=Base del cierre 2024; 2025-2026=BAASE del cierre julio 2026; solo Walmart + familia FENDI.
Towell,Walmart,WM,FENDI BD / familia FENDI en Walmart,7501897813139,101285349,7501897813139,Toalla Mb Fendi Morado,Venta,pieza (provisional; la tabla no contiene columna Unidad),2026-02,9172.0,False,False,cierre julio 2026 indicado por nombre del archivo; estado por fila no disponible,Estadistica Todas las Cadenas Cierre de Julio 2026.xlsx,BAASE,8560,V8560,33d9ef91b2ff2896f82b89658ff0f5e3fe6e9b383b79bc9be86bd6fbab275515,2024=Base del cierre 2024; 2025-2026=BAASE del cierre julio 2026; solo Walmart + familia FENDI.
Towell,Walmart,WM,FENDI BD / familia FENDI en Walmart,7501897813139,101285349,7501897813139,Toalla Mb Fendi Morado,Venta,pieza (provisional; la tabla no contiene columna Unidad),2026-03,13872.0,False,False,cierre julio 2026 indicado por nombre del archivo; estado por fila no disponible,Estadistica Todas las Cadenas Cierre de Julio 2026.xlsx,BAASE,9139,V9139,382cdc3d44e13b0bfc6bc9b1e067edcd410773039c70fa4cadcf582743229a4f,2024=Base del cierre 2024; 2025-2026=BAASE del cierre julio 2026; solo Walmart + familia FENDI.
Towell,Walmart,WM,FENDI BD / familia FENDI en Walmart,7501897813139,101285349,7501897813139,Toalla Mb Fendi Morado,Venta,pieza (provisional; la tabla no contiene columna Unidad),2026-04,12948.0,False,False,cierre julio 2026 indicado por nombre del archivo; estado por fila no disponible,Estadistica Todas las Cadenas Cierre de Julio 2026.xlsx,BAASE,9718,V9718,e65677dcda7ac9797c50f34c3274ebeecbc5be9d7d4f463bbfb9e5958ff48d17,2024=Base del cierre 2024; 2025-2026=BAASE del cierre julio 2026; solo Walmart + familia FENDI.
Towell,Walmart,WM,FENDI BD / familia FENDI en Walmart,7501897813139,101285349,7501897813139,Toalla Mb Fendi Morado,Venta,pieza (provisional; la tabla no contiene columna Unidad),2026-05,12558.0,False,False,cierre julio 2026 indicado por nombre del archivo; estado por fila no disponible,Estadistica Todas las Cadenas Cierre de Julio 2026.xlsx,BAASE,10297,V10297,43a0788da8dd43d6e18bbbbfb9724b1ae285188d91bfe2ff3352904fdf133c86,2024=Base del cierre 2024; 2025-2026=BAASE del cierre julio 2026; solo Walmart + familia FENDI.
Towell,Walmart,WM,FENDI BD / familia FENDI en Walmart,7501897813139,101285349,7501897813139,Toalla Mb Fendi Morado,Venta,pieza (provisional; la tabla no contiene columna Unidad),2026-06,16577.0,False,False,cierre julio 2026 indicado por nombre del archivo; estado por fila no disponible,Estadistica Todas las Cadenas Cierre de Julio 2026.xlsx,BAASE,10876,V10876,295f1c106a9ec67a80924efda7d4b206baf600ec517fbf768ceda502fbb4130e,2024=Base del cierre 2024; 2025-2026=BAASE del cierre julio 2026; solo Walmart + familia FENDI.
Towell,Walmart,WM,FENDI BD / familia FENDI en Walmart,7501897813139,101285349,7501897813139,Toalla Mb Fendi Morado,Venta,pieza (provisional; la tabla no contiene columna Unidad),2026-07,14428.0,False,False,cierre julio 2026 indicado por nombre del archivo; estado por fila no disponible,Estadistica Todas las Cadenas Cierre de Julio 2026.xlsx,BAASE,11455,V11455,060035e9f385835d22ae634a18250d8feca1353cfcd4068602f114b1cda7ec2f,2024=Base del cierre 2024; 2025-2026=BAASE del cierre julio 2026; solo Walmart + familia FENDI.
Towell,Walmart,WM,FENDI BD / familia FENDI en Walmart,7501897813146,101285357,7501897813146,TOALLA MB FENDI AZUL,Venta,eaches/piezas (provisional por encabezado; confirmar unidad oficial),2024-01,0.0,True,False,no documentado en fuente,Estadistica Venta Resurtible WM 2024 Dic 2024.xlsx,Base,115,H115,278c8c7dd38d94607e7a676d3dc98ecfeede80d4a6585d450e5e951bda7f90ce,2024=Base del cierre 2024; 2025-2026=BAASE del cierre julio 2026; solo Walmart + familia FENDI.
Towell,Walmart,WM,FENDI BD / familia FENDI en Walmart,7501897813146,101285357,7501897813146,TOALLA MB FENDI AZUL,Venta,eaches/piezas (provisional por encabezado; confirmar unidad oficial),2024-02,0.0,True,False,no documentado en fuente,Estadistica Venta Resurtible WM 2024 Dic 2024.xlsx,Base,115,M115,d79859e11207892365f5a72ae78dc019320a144c66584e41d69acf7a7cfebb00,2024=Base del cierre 2024; 2025-2026=BAASE del cierre julio 2026; solo Walmart + familia FENDI.
Towell,Walmart,WM,FENDI BD / familia FENDI en Walmart,7501897813146,101285357,7501897813146,TOALLA MB FENDI AZUL,Venta,eaches/piezas (provisional por encabezado; confirmar unidad oficial),2024-03,0.0,True,False,no documentado en fuente,Estadistica Venta Resurtible WM 2024 Dic 2024.xlsx,Base,115,R115,d624f6f5e0c1f157c1aea6f23a95ed901bc8e6dd0d6cf75c17cbf59d919a6e72,2024=Base del cierre 2024; 2025-2026=BAASE del cierre julio 2026; solo Walmart + familia FENDI.
Towell,Walmart,WM,FENDI BD / familia FENDI en Walmart,7501897813146,101285357,7501897813146,TOALLA MB FENDI AZUL,Venta,eaches/piezas (provisional por encabezado; confirmar unidad oficial),2024-04,0.0,True,False,no documentado en fuente,Estadistica Venta Resurtible WM 2024 Dic 2024.xlsx,Base,115,W115,6d86cd4056c9ba8f8ddc39bed4cd06ec9acf10ac85fcab72be6fdf854059d22b,2024=Base del cierre 2024; 2025-2026=BAASE del cierre julio 2026; solo Walmart + familia FENDI.
Towell,Walmart,WM,FENDI BD / familia FENDI en Walmart,7501897813146,101285357,7501897813146,TOALLA MB FENDI AZUL,Venta,eaches/piezas (provisional por encabezado; confirmar unidad oficial),2024-05,0.0,True,False,no documentado en fuente,Estadistica Venta Resurtible WM 2024 Dic 2024.xlsx,Base,115,AB115,6d2a1cb9f5f90720379484beb17eadffb04950e76a5810acbbca805c74fe1ec4,2024=Base del cierre 2024; 2025-2026=BAASE del cierre julio 2026; solo Walmart + familia FENDI.
Towell,Walmart,WM,FENDI BD / familia FENDI en Walmart,7501897813146,101285357,7501897813146,TOALLA MB FENDI AZUL,Venta,eaches/piezas (provisional por encabezado; confirmar unidad oficial),2024-06,0.0,True,False,no documentado en fuente,Estadistica Venta Resurtible WM 2024 Dic 2024.xlsx,Base,115,AG115,37615f1a8d92e9186b85824db549e40b11b3afacab8d446839e3b59a2dbea342,2024=Base del cierre 2024; 2025-2026=BAASE del cierre julio 2026; solo Walmart + familia FENDI.
Towell,Walmart,WM,FENDI BD / familia FENDI en Walmart,7501897813146,101285357,7501897813146,TOALLA MB FENDI AZUL,Venta,eaches/piezas (provisional por encabezado; confirmar unidad oficial),2024-07,0.0,True,False,no documentado en fuente,Estadistica Venta Resurtible WM 2024 Dic 2024.xlsx,Base,115,AL115,e8d8b3148be25772c7cc33d5f430409561c9feaf458c660bb8418fb34255f69b,2024=Base del cierre 2024; 2025-2026=BAASE del cierre julio 2026; solo Walmart + familia FENDI.
Towell,Walmart,WM,FENDI BD / familia FENDI en Walmart,7501897813146,101285357,7501897813146,TOALLA MB FENDI AZUL,Venta,eaches/piezas (provisional por encabezado; confirmar unidad oficial),2024-08,0.0,True,False,no documentado en fuente,Estadistica Venta Resurtible WM 2024 Dic 2024.xlsx,Base,115,AQ115,812f435d6d16a630853e699bdb80a43e0e5fa02bde0b0aee8f6a660aa68af180,2024=Base del cierre 2024; 2025-2026=BAASE del cierre julio 2026; solo Walmart + familia FENDI.
Towell,Walmart,WM,FENDI BD / familia FENDI en Walmart,7501897813146,101285357,7501897813146,TOALLA MB FENDI AZUL,Venta,eaches/piezas (provisional por encabezado; confirmar unidad oficial),2024-09,3.0,False,False,no documentado en fuente,Estadistica Venta Resurtible WM 2024 Dic 2024.xlsx,Base,115,AV115,99758dbf69c4957dc92eeee50ce3a6d249135a1cdd95aa311f8ba5cb1c8cb1be,2024=Base del cierre 2024; 2025-2026=BAASE del cierre julio 2026; solo Walmart + familia FENDI.
Towell,Walmart,WM,FENDI BD / familia FENDI en Walmart,7501897813146,101285357,7501897813146,TOALLA MB FENDI AZUL,Venta,eaches/piezas (provisional por encabezado; confirmar unidad oficial),2024-10,2101.0,False,False,no documentado en fuente,Estadistica Venta Resurtible WM 2024 Dic 2024.xlsx,Base,115,BA115,cb73fc3a4f486b069878f6ca148d87507741074dd56b82cbb2145ee08d8fadbd,2024=Base del cierre 2024; 2025-2026=BAASE del cierre julio 2026; solo Walmart + familia FENDI.
Towell,Walmart,WM,FENDI BD / familia FENDI en Walmart,7501897813146,101285357,7501897813146,TOALLA MB FENDI AZUL,Venta,eaches/piezas (provisional por encabezado; confirmar unidad oficial),2024-11,4473.0,False,False,no documentado en fuente,Estadistica Venta Resurtible WM 2024 Dic 2024.xlsx,Base,115,BF115,ab6cf2c9880fe6b0377e0b90ee486cbbeba6eda72d197cf6807fb4f76a5410de,2024=Base del cierre 2024; 2025-2026=BAASE del cierre julio 2026; solo Walmart + familia FENDI.
Towell,Walmart,WM,FENDI BD / familia FENDI en Walmart,7501897813146,101285357,7501897813146,TOALLA MB FENDI AZUL,Venta,eaches/piezas (provisional por encabezado; confirmar unidad oficial),2024-12,5614.0,False,False,no documentado en fuente,Estadistica Venta Resurtible WM 2024 Dic 2024.xlsx,Base,115,BK115,7220f80357ea0cb287b2fff2cbb478bb098ebf6e45ba6186ec5b339478d7f375,2024=Base del cierre 2024; 2025-2026=BAASE del cierre julio 2026; solo Walmart + familia FENDI.
Towell,Walmart,WM,FENDI BD / familia FENDI en Walmart,7501897813146,101285357,7501897813146,Toalla Mb Fendi Azul,Venta,pieza (provisional; la tabla no contiene columna Unidad),2025-01,6846.0,False,False,cierre julio 2026 indicado por nombre del archivo; estado por fila no disponible,Estadistica Todas las Cadenas Cierre de Julio 2026.xlsx,BAASE,592,V592,7680b2c5587973a416773860424d73343ef76024ebf6a770daa69b635cd04b0a,2024=Base del cierre 2024; 2025-2026=BAASE del cierre julio 2026; solo Walmart + familia FENDI.
Towell,Walmart,WM,FENDI BD / familia FENDI en Walmart,7501897813146,101285357,7501897813146,Toalla Mb Fendi Azul,Venta,pieza (provisional; la tabla no contiene columna Unidad),2025-02,6425.0,False,False,cierre julio 2026 indicado por nombre del archivo; estado por fila no disponible,Estadistica Todas las Cadenas Cierre de Julio 2026.xlsx,BAASE,1213,V1213,c3233a1c8611059ce4fbd2ec3f571e1e37e943f7bfad55deb1e63f6cc8fe7980,2024=Base del cierre 2024; 2025-2026=BAASE del cierre julio 2026; solo Walmart + familia FENDI.
Towell,Walmart,WM,FENDI BD / familia FENDI en Walmart,7501897813146,101285357,7501897813146,Toalla Mb Fendi Azul,Venta,pieza (provisional; la tabla no contiene columna Unidad),2025-03,12217.0,False,False,cierre julio 2026 indicado por nombre del archivo; estado por fila no disponible,Estadistica Todas las Cadenas Cierre de Julio 2026.xlsx,BAASE,1835,V1835,7335ac84c3e51f60953458480db28c749fa4f81845404cefa64c6545aba66183,2024=Base del cierre 2024; 2025-2026=BAASE del cierre julio 2026; solo Walmart + familia FENDI.
Towell,Walmart,WM,FENDI BD / familia FENDI en Walmart,7501897813146,101285357,7501897813146,Toalla Mb Fendi Azul,Venta,pieza (provisional; la tabla no contiene columna Unidad),2025-04,12807.0,False,False,cierre julio 2026 indicado por nombre del archivo; estado por fila no disponible,Estadistica Todas las Cadenas Cierre de Julio 2026.xlsx,BAASE,2454,V2454,0939f095b9eb9f6c10e13758e2ec235aad53df7f8ff511223fdc72f740fe300a,2024=Base del cierre 2024; 2025-2026=BAASE del cierre julio 2026; solo Walmart + familia FENDI.
Towell,Walmart,WM,FENDI BD / familia FENDI en Walmart,7501897813146,101285357,7501897813146,Toalla Mb Fendi Azul,Venta,pieza (provisional; la tabla no contiene columna Unidad),2025-05,10128.0,False,False,cierre julio 2026 indicado por nombre del archivo; estado por fila no disponible,Estadistica Todas las Cadenas Cierre de Julio 2026.xlsx,BAASE,3073,V3073,067a97559b7eb35ef71d213e15335eff0f8e1a850eb8a5c1710157bc11c9ef57,2024=Base del cierre 2024; 2025-2026=BAASE del cierre julio 2026; solo Walmart + familia FENDI.
Towell,Walmart,WM,FENDI BD / familia FENDI en Walmart,7501897813146,101285357,7501897813146,Toalla Mb Fendi Azul,Venta,pieza (provisional; la tabla no contiene columna Unidad),2025-06,14823.0,False,False,cierre julio 2026 indicado por nombre del archivo; estado por fila no disponible,Estadistica Todas las Cadenas Cierre de Julio 2026.xlsx,BAASE,3695,V3695,eec68f7027a79653800b2af92532c34d7ff6a09919d68585048df297e23660f2,2024=Base del cierre 2024; 2025-2026=BAASE del cierre julio 2026; solo Walmart + familia FENDI.
Towell,Walmart,WM,FENDI BD / familia FENDI en Walmart,7501897813146,101285357,7501897813146,Toalla Mb Fendi Azul,Venta,pieza (provisional; la tabla no contiene columna Unidad),2025-07,12647.0,False,False,cierre julio 2026 indicado por nombre del archivo; estado por fila no disponible,Estadistica Todas las Cadenas Cierre de Julio 2026.xlsx,BAASE,4317,V4317,5cadc2b988e417db240934393a000881a45992a722745eacdf52794abe2ca895,2024=Base del cierre 2024; 2025-2026=BAASE del cierre julio 2026; solo Walmart + familia FENDI.
Towell,Walmart,WM,FENDI BD / familia FENDI en Walmart,7501897813146,101285357,7501897813146,Toalla Mb Fendi Azul,Venta,pieza (provisional; la tabla no contiene columna Unidad),2025-08,11047.0,False,False,cierre julio 2026 indicado por nombre del archivo; estado por fila no disponible,Estadistica Todas las Cadenas Cierre de Julio 2026.xlsx,BAASE,4936,V4936,ab3eac9e4141cb22ec7bfc662165ab2a7eddd1ceb0447a3a8311da9f23e3dbc0,2024=Base del cierre 2024; 2025-2026=BAASE del cierre julio 2026; solo Walmart + familia FENDI.
Towell,Walmart,WM,FENDI BD / familia FENDI en Walmart,7501897813146,101285357,7501897813146,Toalla Mb Fendi Azul,Venta,pieza (provisional; la tabla no contiene columna Unidad),2025-09,12483.0,False,False,cierre julio 2026 indicado por nombre del archivo; estado por fila no disponible,Estadistica Todas las Cadenas Cierre de Julio 2026.xlsx,BAASE,5555,V5555,60711c1f9ffc69078902cd93919113242d68ac97684bc5b0617f4b0d98ab6914,2024=Base del cierre 2024; 2025-2026=BAASE del cierre julio 2026; solo Walmart + familia FENDI.
Towell,Walmart,WM,FENDI BD / familia FENDI en Walmart,7501897813146,101285357,7501897813146,Toalla Mb Fendi Azul,Venta,pieza (provisional; la tabla no contiene columna Unidad),2025-10,9595.0,False,False,cierre julio 2026 indicado por nombre del archivo; estado por fila no disponible,Estadistica Todas las Cadenas Cierre de Julio 2026.xlsx,BAASE,6174,V6174,33748c80c413c40880c3c0ced4b7ddc9425724e814ac1ae5f566bfc89dff48df,2024=Base del cierre 2024; 2025-2026=BAASE del cierre julio 2026; solo Walmart + familia FENDI.
Towell,Walmart,WM,FENDI BD / familia FENDI en Walmart,7501897813146,101285357,7501897813146,Toalla Mb Fendi Azul,Venta,pieza (provisional; la tabla no contiene columna Unidad),2025-11,9471.0,False,False,cierre julio 2026 indicado por nombre del archivo; estado por fila no disponible,Estadistica Todas las Cadenas Cierre de Julio 2026.xlsx,BAASE,6793,V6793,2fcc5cc3082654388c6a6d3a022c8b31e18d587c99ac64c86856981321443673,2024=Base del cierre 2024; 2025-2026=BAASE del cierre julio 2026; solo Walmart + familia FENDI.
Towell,Walmart,WM,FENDI BD / familia FENDI en Walmart,7501897813146,101285357,7501897813146,Toalla Mb Fendi Azul,Venta,pieza (provisional; la tabla no contiene columna Unidad),2025-12,18882.0,False,False,cierre julio 2026 indicado por nombre del archivo; estado por fila no disponible,Estadistica Todas las Cadenas Cierre de Julio 2026.xlsx,BAASE,7412,V7412,198e5f750a96b4444b2c62c907e46a581fb4046eddf3c078362f17b8f93ca88b,2024=Base del cierre 2024; 2025-2026=BAASE del cierre julio 2026; solo Walmart + familia FENDI.
Towell,Walmart,WM,FENDI BD / familia FENDI en Walmart,7501897813146,101285357,7501897813146,Toalla Mb Fendi Azul,Venta,pieza (provisional; la tabla no contiene columna Unidad),2026-01,12136.0,False,False,cierre julio 2026 indicado por nombre del archivo; estado por fila no disponible,Estadistica Todas las Cadenas Cierre de Julio 2026.xlsx,BAASE,7982,V7982,3667a11948bfec840b423ebf3ffb83198b2a28f8eec147575b999b59caa0a099,2024=Base del cierre 2024; 2025-2026=BAASE del cierre julio 2026; solo Walmart + familia FENDI.
Towell,Walmart,WM,FENDI BD / familia FENDI en Walmart,7501897813146,101285357,7501897813146,Toalla Mb Fendi Azul,Venta,pieza (provisional; la tabla no contiene columna Unidad),2026-02,9549.0,False,False,cierre julio 2026 indicado por nombre del archivo; estado por fila no disponible,Estadistica Todas las Cadenas Cierre de Julio 2026.xlsx,BAASE,8561,V8561,0499d4f5473bb52aadd828f83eed1a1a7800b3497408e8ca0a97f848bde8e779,2024=Base del cierre 2024; 2025-2026=BAASE del cierre julio 2026; solo Walmart + familia FENDI.
Towell,Walmart,WM,FENDI BD / familia FENDI en Walmart,7501897813146,101285357,7501897813146,Toalla Mb Fendi Azul,Venta,pieza (provisional; la tabla no contiene columna Unidad),2026-03,12594.0,False,False,cierre julio 2026 indicado por nombre del archivo; estado por fila no disponible,Estadistica Todas las Cadenas Cierre de Julio 2026.xlsx,BAASE,9140,V9140,986739dbc6ec759474e79a5823a6c158dbd9c0198cbe5a21be440531ed93d913,2024=Base del cierre 2024; 2025-2026=BAASE del cierre julio 2026; solo Walmart + familia FENDI.
Towell,Walmart,WM,FENDI BD / familia FENDI en Walmart,7501897813146,101285357,7501897813146,Toalla Mb Fendi Azul,Venta,pieza (provisional; la tabla no contiene columna Unidad),2026-04,9678.0,False,False,cierre julio 2026 indicado por nombre del archivo; estado por fila no disponible,Estadistica Todas las Cadenas Cierre de Julio 2026.xlsx,BAASE,9719,V9719,ad845099d591e69b4218598af852f5eaecf8e856e521d1f91f0f58f751190624,2024=Base del cierre 2024; 2025-2026=BAASE del cierre julio 2026; solo Walmart + familia FENDI.
Towell,Walmart,WM,FENDI BD / familia FENDI en Walmart,7501897813146,101285357,7501897813146,Toalla Mb Fendi Azul,Venta,pieza (provisional; la tabla no contiene columna Unidad),2026-05,8153.0,False,False,cierre julio 2026 indicado por nombre del archivo; estado por fila no disponible,Estadistica Todas las Cadenas Cierre de Julio 2026.xlsx,BAASE,10298,V10298,ae93a2a99ac3760b5557051016bf225c674c6e27987441210697fe513d1694df,2024=Base del cierre 2024; 2025-2026=BAASE del cierre julio 2026; solo Walmart + familia FENDI.
Towell,Walmart,WM,FENDI BD / familia FENDI en Walmart,7501897813146,101285357,7501897813146,Toalla Mb Fendi Azul,Venta,pieza (provisional; la tabla no contiene columna Unidad),2026-06,10826.0,False,False,cierre julio 2026 indicado por nombre del archivo; estado por fila no disponible,Estadistica Todas las Cadenas Cierre de Julio 2026.xlsx,BAASE,10877,V10877,25ba399407526d6786c6dc21dd88bd9eaf19d16c80ac6203955a23acf2c53c20,2024=Base del cierre 2024; 2025-2026=BAASE del cierre julio 2026; solo Walmart + familia FENDI.
Towell,Walmart,WM,FENDI BD / familia FENDI en Walmart,7501897813146,101285357,7501897813146,Toalla Mb Fendi Azul,Venta,pieza (provisional; la tabla no contiene columna Unidad),2026-07,8858.0,False,False,cierre julio 2026 indicado por nombre del archivo; estado por fila no disponible,Estadistica Todas las Cadenas Cierre de Julio 2026.xlsx,BAASE,11456,V11456,7eed14cb8494f8910636901f56949892c45b91f3d607b00fa051b813551df05c,2024=Base del cierre 2024; 2025-2026=BAASE del cierre julio 2026; solo Walmart + familia FENDI.
Towell,Walmart,WM,FENDI BD / familia FENDI en Walmart,7501897813153,101285351,7501897813153,TOALLA MB FENDI AQUA,Venta,eaches/piezas (provisional por encabezado; confirmar unidad oficial),2024-01,0.0,True,False,no documentado en fuente,Estadistica Venta Resurtible WM 2024 Dic 2024.xlsx,Base,110,H110,8ba2f4bfb59e961c2502b9cfbc593b20316aa392373f5663056118a48e7a1c45,2024=Base del cierre 2024; 2025-2026=BAASE del cierre julio 2026; solo Walmart + familia FENDI.
Towell,Walmart,WM,FENDI BD / familia FENDI en Walmart,7501897813153,101285351,7501897813153,TOALLA MB FENDI AQUA,Venta,eaches/piezas (provisional por encabezado; confirmar unidad oficial),2024-02,0.0,True,False,no documentado en fuente,Estadistica Venta Resurtible WM 2024 Dic 2024.xlsx,Base,110,M110,99cb42631dd9a635e69cd110029e1866e83316d7d21d446589355dcc050b1070,2024=Base del cierre 2024; 2025-2026=BAASE del cierre julio 2026; solo Walmart + familia FENDI.
Towell,Walmart,WM,FENDI BD / familia FENDI en Walmart,7501897813153,101285351,7501897813153,TOALLA MB FENDI AQUA,Venta,eaches/piezas (provisional por encabezado; confirmar unidad oficial),2024-03,0.0,True,False,no documentado en fuente,Estadistica Venta Resurtible WM 2024 Dic 2024.xlsx,Base,110,R110,17541af70a6492a54a3d1b56a3761c9595b2e9efe5463d5ea3a870e20bf3f2b1,2024=Base del cierre 2024; 2025-2026=BAASE del cierre julio 2026; solo Walmart + familia FENDI.
Towell,Walmart,WM,FENDI BD / familia FENDI en Walmart,7501897813153,101285351,7501897813153,TOALLA MB FENDI AQUA,Venta,eaches/piezas (provisional por encabezado; confirmar unidad oficial),2024-04,0.0,True,False,no documentado en fuente,Estadistica Venta Resurtible WM 2024 Dic 2024.xlsx,Base,110,W110,2f56069e29548593d5aa150c4d151c5f4bb22adaea1a8d4740ec0b99a21e1c07,2024=Base del cierre 2024; 2025-2026=BAASE del cierre julio 2026; solo Walmart + familia FENDI.
Towell,Walmart,WM,FENDI BD / familia FENDI en Walmart,7501897813153,101285351,7501897813153,TOALLA MB FENDI AQUA,Venta,eaches/piezas (provisional por encabezado; confirmar unidad oficial),2024-05,0.0,True,False,no documentado en fuente,Estadistica Venta Resurtible WM 2024 Dic 2024.xlsx,Base,110,AB110,db952725ab0136aca190307ecddc6ae8b73eae69476dbe662561d7503b08fbcd,2024=Base del cierre 2024; 2025-2026=BAASE del cierre julio 2026; solo Walmart + familia FENDI.
Towell,Walmart,WM,FENDI BD / familia FENDI en Walmart,7501897813153,101285351,7501897813153,TOALLA MB FENDI AQUA,Venta,eaches/piezas (provisional por encabezado; confirmar unidad oficial),2024-06,0.0,True,False,no documentado en fuente,Estadistica Venta Resurtible WM 2024 Dic 2024.xlsx,Base,110,AG110,590a32915a3cb7941045f6789d7811dd6a8417db60cee5ef336c94bf07177a5e,2024=Base del cierre 2024; 2025-2026=BAASE del cierre julio 2026; solo Walmart + familia FENDI.
Towell,Walmart,WM,FENDI BD / familia FENDI en Walmart,7501897813153,101285351,7501897813153,TOALLA MB FENDI AQUA,Venta,eaches/piezas (provisional por encabezado; confirmar unidad oficial),2024-07,0.0,True,False,no documentado en fuente,Estadistica Venta Resurtible WM 2024 Dic 2024.xlsx,Base,110,AL110,31513c4efc6633a50c784ccf82396a3ae33d2a63041e14f544a002565ac3d3e3,2024=Base del cierre 2024; 2025-2026=BAASE del cierre julio 2026; solo Walmart + familia FENDI.
Towell,Walmart,WM,FENDI BD / familia FENDI en Walmart,7501897813153,101285351,7501897813153,TOALLA MB FENDI AQUA,Venta,eaches/piezas (provisional por encabezado; confirmar unidad oficial),2024-08,0.0,True,False,no documentado en fuente,Estadistica Venta Resurtible WM 2024 Dic 2024.xlsx,Base,110,AQ110,aeaf7fc5e6654c0824e4139b254b44abaa12a6f8348866e34f01587aec2888f4,2024=Base del cierre 2024; 2025-2026=BAASE del cierre julio 2026; solo Walmart + familia FENDI.
Towell,Walmart,WM,FENDI BD / familia FENDI en Walmart,7501897813153,101285351,7501897813153,TOALLA MB FENDI AQUA,Venta,eaches/piezas (provisional por encabezado; confirmar unidad oficial),2024-09,2.0,False,False,no documentado en fuente,Estadistica Venta Resurtible WM 2024 Dic 2024.xlsx,Base,110,AV110,74d311785e5e99ac565741a1b84d424f6374c2c8c3e55b3a2ddbfd3e2f62e4fd,2024=Base del cierre 2024; 2025-2026=BAASE del cierre julio 2026; solo Walmart + familia FENDI.
Towell,Walmart,WM,FENDI BD / familia FENDI en Walmart,7501897813153,101285351,7501897813153,TOALLA MB FENDI AQUA,Venta,eaches/piezas (provisional por encabezado; confirmar unidad oficial),2024-10,1740.0,False,False,no documentado en fuente,Estadistica Venta Resurtible WM 2024 Dic 2024.xlsx,Base,110,BA110,08547c57148658384c711ede32572a64e73aa7271d53e57cd081ce24b72f805e,2024=Base del cierre 2024; 2025-2026=BAASE del cierre julio 2026; solo Walmart + familia FENDI.
Towell,Walmart,WM,FENDI BD / familia FENDI en Walmart,7501897813153,101285351,7501897813153,TOALLA MB FENDI AQUA,Venta,eaches/piezas (provisional por encabezado; confirmar unidad oficial),2024-11,3754.0,False,False,no documentado en fuente,Estadistica Venta Resurtible WM 2024 Dic 2024.xlsx,Base,110,BF110,bab25bf3c572c65b3845c5738772a45bb72c8e9112c2a44cd3e39137eeefbc9a,2024=Base del cierre 2024; 2025-2026=BAASE del cierre julio 2026; solo Walmart + familia FENDI.
Towell,Walmart,WM,FENDI BD / familia FENDI en Walmart,7501897813153,101285351,7501897813153,TOALLA MB FENDI AQUA,Venta,eaches/piezas (provisional por encabezado; confirmar unidad oficial),2024-12,5301.0,False,False,no documentado en fuente,Estadistica Venta Resurtible WM 2024 Dic 2024.xlsx,Base,110,BK110,ae45e6a8c6ea25f04164c5a91bf23b5fd111a9c0a45b1ddfda93480758632f46,2024=Base del cierre 2024; 2025-2026=BAASE del cierre julio 2026; solo Walmart + familia FENDI.
Towell,Walmart,WM,FENDI BD / familia FENDI en Walmart,7501897813153,101285351,7501897813153,Toalla Mb Fendi Aqua,Venta,pieza (provisional; la tabla no contiene columna Unidad),2025-01,6226.0,False,False,cierre julio 2026 indicado por nombre del archivo; estado por fila no disponible,Estadistica Todas las Cadenas Cierre de Julio 2026.xlsx,BAASE,593,V593,151f21f8fe145f46c083d462289e33de8f5a19c8a6841626c06a0ddd5648e7e0,2024=Base del cierre 2024; 2025-2026=BAASE del cierre julio 2026; solo Walmart + familia FENDI.
Towell,Walmart,WM,FENDI BD / familia FENDI en Walmart,7501897813153,101285351,7501897813153,Toalla Mb Fendi Aqua,Venta,pieza (provisional; la tabla no contiene columna Unidad),2025-02,4494.0,False,False,cierre julio 2026 indicado por nombre del archivo; estado por fila no disponible,Estadistica Todas las Cadenas Cierre de Julio 2026.xlsx,BAASE,1214,V1214,4f7d55f6b10b50c6f69cbd82feba641a787e4b87ea56a8e175a7963ceb462593,2024=Base del cierre 2024; 2025-2026=BAASE del cierre julio 2026; solo Walmart + familia FENDI.
Towell,Walmart,WM,FENDI BD / familia FENDI en Walmart,7501897813153,101285351,7501897813153,Toalla Mb Fendi Aqua,Venta,pieza (provisional; la tabla no contiene columna Unidad),2025-03,6864.0,False,False,cierre julio 2026 indicado por nombre del archivo; estado por fila no disponible,Estadistica Todas las Cadenas Cierre de Julio 2026.xlsx,BAASE,1836,V1836,2ecccc1f71d9074d8e6b6c98fd0e990e9fd8d4e12a2910fc7bb8aaad09fbc142,2024=Base del cierre 2024; 2025-2026=BAASE del cierre julio 2026; solo Walmart + familia FENDI.
Towell,Walmart,WM,FENDI BD / familia FENDI en Walmart,7501897813153,101285351,7501897813153,Toalla Mb Fendi Aqua,Venta,pieza (provisional; la tabla no contiene columna Unidad),2025-04,6934.0,False,False,cierre julio 2026 indicado por nombre del archivo; estado por fila no disponible,Estadistica Todas las Cadenas Cierre de Julio 2026.xlsx,BAASE,2455,V2455,1524269aa8f19933cf799fe3ea610faa9080842abea59bc26ed7b1e0e49d2c37,2024=Base del cierre 2024; 2025-2026=BAASE del cierre julio 2026; solo Walmart + familia FENDI.
Towell,Walmart,WM,FENDI BD / familia FENDI en Walmart,7501897813153,101285351,7501897813153,Toalla Mb Fendi Aqua,Venta,pieza (provisional; la tabla no contiene columna Unidad),2025-05,6381.0,False,False,cierre julio 2026 indicado por nombre del archivo; estado por fila no disponible,Estadistica Todas las Cadenas Cierre de Julio 2026.xlsx,BAASE,3074,V3074,ec8dab5c06b234f14fa32c41fb96af57bcaf5185a8c5ce70cb00b5a0b9fe7ef2,2024=Base del cierre 2024; 2025-2026=BAASE del cierre julio 2026; solo Walmart + familia FENDI.
Towell,Walmart,WM,FENDI BD / familia FENDI en Walmart,7501897813153,101285351,7501897813153,Toalla Mb Fendi Aqua,Venta,pieza (provisional; la tabla no contiene columna Unidad),2025-06,8398.0,False,False,cierre julio 2026 indicado por nombre del archivo; estado por fila no disponible,Estadistica Todas las Cadenas Cierre de Julio 2026.xlsx,BAASE,3696,V3696,b9183c37689f69cf60d3823dc63342253769481c70b5e1510a0e941b07694c7d,2024=Base del cierre 2024; 2025-2026=BAASE del cierre julio 2026; solo Walmart + familia FENDI.
Towell,Walmart,WM,FENDI BD / familia FENDI en Walmart,7501897813153,101285351,7501897813153,Toalla Mb Fendi Aqua,Venta,pieza (provisional; la tabla no contiene columna Unidad),2025-07,7397.0,False,False,cierre julio 2026 indicado por nombre del archivo; estado por fila no disponible,Estadistica Todas las Cadenas Cierre de Julio 2026.xlsx,BAASE,4318,V4318,c48003fb62ebf85d5035daa5630ac34047ace8a7f5f24962f2609d1ac339731d,2024=Base del cierre 2024; 2025-2026=BAASE del cierre julio 2026; solo Walmart + familia FENDI.
Towell,Walmart,WM,FENDI BD / familia FENDI en Walmart,7501897813153,101285351,7501897813153,Toalla Mb Fendi Aqua,Venta,pieza (provisional; la tabla no contiene columna Unidad),2025-08,6305.0,False,False,cierre julio 2026 indicado por nombre del archivo; estado por fila no disponible,Estadistica Todas las Cadenas Cierre de Julio 2026.xlsx,BAASE,4937,V4937,1a50d84459523884b22c33e83e13bdd1d4a5b76a070e57eafd38bbfa9fae2e84,2024=Base del cierre 2024; 2025-2026=BAASE del cierre julio 2026; solo Walmart + familia FENDI.
Towell,Walmart,WM,FENDI BD / familia FENDI en Walmart,7501897813153,101285351,7501897813153,Toalla Mb Fendi Aqua,Venta,pieza (provisional; la tabla no contiene columna Unidad),2025-09,7267.0,False,False,cierre julio 2026 indicado por nombre del archivo; estado por fila no disponible,Estadistica Todas las Cadenas Cierre de Julio 2026.xlsx,BAASE,5556,V5556,43236750f12ec1b70072448feac418cbf8c2557fd62b536a2c963301c01fa85a,2024=Base del cierre 2024; 2025-2026=BAASE del cierre julio 2026; solo Walmart + familia FENDI.
Towell,Walmart,WM,FENDI BD / familia FENDI en Walmart,7501897813153,101285351,7501897813153,Toalla Mb Fendi Aqua,Venta,pieza (provisional; la tabla no contiene columna Unidad),2025-10,5140.0,False,False,cierre julio 2026 indicado por nombre del archivo; estado por fila no disponible,Estadistica Todas las Cadenas Cierre de Julio 2026.xlsx,BAASE,6175,V6175,742557cbfd150e2ffd3940b97ab1982efcd158d2eb255fe50295633bbc85eadd,2024=Base del cierre 2024; 2025-2026=BAASE del cierre julio 2026; solo Walmart + familia FENDI.
Towell,Walmart,WM,FENDI BD / familia FENDI en Walmart,7501897813153,101285351,7501897813153,Toalla Mb Fendi Aqua,Venta,pieza (provisional; la tabla no contiene columna Unidad),2025-11,5393.0,False,False,cierre julio 2026 indicado por nombre del archivo; estado por fila no disponible,Estadistica Todas las Cadenas Cierre de Julio 2026.xlsx,BAASE,6794,V6794,f1a0af32f084cfac8976f3487e1f15c168d4e9e24c566900d02799b49c5bb2ed,2024=Base del cierre 2024; 2025-2026=BAASE del cierre julio 2026; solo Walmart + familia FENDI.
Towell,Walmart,WM,FENDI BD / familia FENDI en Walmart,7501897813153,101285351,7501897813153,Toalla Mb Fendi Aqua,Venta,pieza (provisional; la tabla no contiene columna Unidad),2025-12,9811.0,False,False,cierre julio 2026 indicado por nombre del archivo; estado por fila no disponible,Estadistica Todas las Cadenas Cierre de Julio 2026.xlsx,BAASE,7413,V7413,aa3aad84f180078ae9f35ba32d77e45b6da699d29cd5af7532cc45e0e17f5138,2024=Base del cierre 2024; 2025-2026=BAASE del cierre julio 2026; solo Walmart + familia FENDI.
Towell,Walmart,WM,FENDI BD / familia FENDI en Walmart,7501897813153,101285351,7501897813153,Toalla Mb Fendi Aqua,Venta,pieza (provisional; la tabla no contiene columna Unidad),2026-01,7172.0,False,False,cierre julio 2026 indicado por nombre del archivo; estado por fila no disponible,Estadistica Todas las Cadenas Cierre de Julio 2026.xlsx,BAASE,7983,V7983,5f46512be54acfaac00e840efd7d2bf7183c296a392064aaa419f4e3c9e4ec5c,2024=Base del cierre 2024; 2025-2026=BAASE del cierre julio 2026; solo Walmart + familia FENDI.
Towell,Walmart,WM,FENDI BD / familia FENDI en Walmart,7501897813153,101285351,7501897813153,Toalla Mb Fendi Aqua,Venta,pieza (provisional; la tabla no contiene columna Unidad),2026-02,7448.0,False,False,cierre julio 2026 indicado por nombre del archivo; estado por fila no disponible,Estadistica Todas las Cadenas Cierre de Julio 2026.xlsx,BAASE,8562,V8562,678e3ba00dcb119ccc4d418f2f384964cf0e78f4c54b2f12176356124a5c0513,2024=Base del cierre 2024; 2025-2026=BAASE del cierre julio 2026; solo Walmart + familia FENDI.
Towell,Walmart,WM,FENDI BD / familia FENDI en Walmart,7501897813153,101285351,7501897813153,Toalla Mb Fendi Aqua,Venta,pieza (provisional; la tabla no contiene columna Unidad),2026-03,10876.0,False,False,cierre julio 2026 indicado por nombre del archivo; estado por fila no disponible,Estadistica Todas las Cadenas Cierre de Julio 2026.xlsx,BAASE,9141,V9141,952059ae97addcbffb4e5d12154d6f3a27ede301eeec6599421af94bbafb1474,2024=Base del cierre 2024; 2025-2026=BAASE del cierre julio 2026; solo Walmart + familia FENDI.
Towell,Walmart,WM,FENDI BD / familia FENDI en Walmart,7501897813153,101285351,7501897813153,Toalla Mb Fendi Aqua,Venta,pieza (provisional; la tabla no contiene columna Unidad),2026-04,8710.0,False,False,cierre julio 2026 indicado por nombre del archivo; estado por fila no disponible,Estadistica Todas las Cadenas Cierre de Julio 2026.xlsx,BAASE,9720,V9720,3c7090f110c91f5849ac981b025e39b26944f510ac4d7ae777b1f237e75b5b14,2024=Base del cierre 2024; 2025-2026=BAASE del cierre julio 2026; solo Walmart + familia FENDI.
Towell,Walmart,WM,FENDI BD / familia FENDI en Walmart,7501897813153,101285351,7501897813153,Toalla Mb Fendi Aqua,Venta,pieza (provisional; la tabla no contiene columna Unidad),2026-05,8537.0,False,False,cierre julio 2026 indicado por nombre del archivo; estado por fila no disponible,Estadistica Todas las Cadenas Cierre de Julio 2026.xlsx,BAASE,10299,V10299,4e4226245c61cc71724bc94c3775128a9df7a54e24ac43d559e6e923320e9071,2024=Base del cierre 2024; 2025-2026=BAASE del cierre julio 2026; solo Walmart + familia FENDI.
Towell,Walmart,WM,FENDI BD / familia FENDI en Walmart,7501897813153,101285351,7501897813153,Toalla Mb Fendi Aqua,Venta,pieza (provisional; la tabla no contiene columna Unidad),2026-06,10743.0,False,False,cierre julio 2026 indicado por nombre del archivo; estado por fila no disponible,Estadistica Todas las Cadenas Cierre de Julio 2026.xlsx,BAASE,10878,V10878,dd765ce7f70d2968ef3648555880209df655168685d490c0ead6c7921ca1beed,2024=Base del cierre 2024; 2025-2026=BAASE del cierre julio 2026; solo Walmart + familia FENDI.
Towell,Walmart,WM,FENDI BD / familia FENDI en Walmart,7501897813153,101285351,7501897813153,Toalla Mb Fendi Aqua,Venta,pieza (provisional; la tabla no contiene columna Unidad),2026-07,9421.0,False,False,cierre julio 2026 indicado por nombre del archivo; estado por fila no disponible,Estadistica Todas las Cadenas Cierre de Julio 2026.xlsx,BAASE,11457,V11457,4531604d2f0ef4ab99517666e48110ff02af7ef48f3e3648fb8214b75a199eb9,2024=Base del cierre 2024; 2025-2026=BAASE del cierre julio 2026; solo Walmart + familia FENDI.
Towell,Walmart,WM,FENDI BD / familia FENDI en Walmart,7501897813160,101285355,7501897813160,TOALLA MB FENDI GRIS,Venta,eaches/piezas (provisional por encabezado; confirmar unidad oficial),2024-01,0.0,True,False,no documentado en fuente,Estadistica Venta Resurtible WM 2024 Dic 2024.xlsx,Base,113,H113,b8cc852187e1ba99a4a1d0bf62576107fecc20d1db20ac25d05c4aecbe5e5ea3,2024=Base del cierre 2024; 2025-2026=BAASE del cierre julio 2026; solo Walmart + familia FENDI.
Towell,Walmart,WM,FENDI BD / familia FENDI en Walmart,7501897813160,101285355,7501897813160,TOALLA MB FENDI GRIS,Venta,eaches/piezas (provisional por encabezado; confirmar unidad oficial),2024-02,0.0,True,False,no documentado en fuente,Estadistica Venta Resurtible WM 2024 Dic 2024.xlsx,Base,113,M113,9b594735cade8c79da3580bf98e1b787d764ee1212a4e1500c42cdf327cf0542,2024=Base del cierre 2024; 2025-2026=BAASE del cierre julio 2026; solo Walmart + familia FENDI.
Towell,Walmart,WM,FENDI BD / familia FENDI en Walmart,7501897813160,101285355,7501897813160,TOALLA MB FENDI GRIS,Venta,eaches/piezas (provisional por encabezado; confirmar unidad oficial),2024-03,0.0,True,False,no documentado en fuente,Estadistica Venta Resurtible WM 2024 Dic 2024.xlsx,Base,113,R113,68fba050656dd5d478088e50481e190fca59928d6672d6a9ed3a90e72461117a,2024=Base del cierre 2024; 2025-2026=BAASE del cierre julio 2026; solo Walmart + familia FENDI.
Towell,Walmart,WM,FENDI BD / familia FENDI en Walmart,7501897813160,101285355,7501897813160,TOALLA MB FENDI GRIS,Venta,eaches/piezas (provisional por encabezado; confirmar unidad oficial),2024-04,0.0,True,False,no documentado en fuente,Estadistica Venta Resurtible WM 2024 Dic 2024.xlsx,Base,113,W113,013ea9951b6211caef4e389591aaa7e27668380fd22a61a273e5a95cb59b08ee,2024=Base del cierre 2024; 2025-2026=BAASE del cierre julio 2026; solo Walmart + familia FENDI.
Towell,Walmart,WM,FENDI BD / familia FENDI en Walmart,7501897813160,101285355,7501897813160,TOALLA MB FENDI GRIS,Venta,eaches/piezas (provisional por encabezado; confirmar unidad oficial),2024-05,0.0,True,False,no documentado en fuente,Estadistica Venta Resurtible WM 2024 Dic 2024.xlsx,Base,113,AB113,45b8584832660dc965ddb2a98b07e159730d7a091ea98a07a80a230d8dd444e3,2024=Base del cierre 2024; 2025-2026=BAASE del cierre julio 2026; solo Walmart + familia FENDI.
Towell,Walmart,WM,FENDI BD / familia FENDI en Walmart,7501897813160,101285355,7501897813160,TOALLA MB FENDI GRIS,Venta,eaches/piezas (provisional por encabezado; confirmar unidad oficial),2024-06,0.0,True,False,no documentado en fuente,Estadistica Venta Resurtible WM 2024 Dic 2024.xlsx,Base,113,AG113,da05fb131578942c5da54c412f5b77b0072e6ddbd3b1d029e3507e1eb01530a3,2024=Base del cierre 2024; 2025-2026=BAASE del cierre julio 2026; solo Walmart + familia FENDI.
Towell,Walmart,WM,FENDI BD / familia FENDI en Walmart,7501897813160,101285355,7501897813160,TOALLA MB FENDI GRIS,Venta,eaches/piezas (provisional por encabezado; confirmar unidad oficial),2024-07,0.0,True,False,no documentado en fuente,Estadistica Venta Resurtible WM 2024 Dic 2024.xlsx,Base,113,AL113,3b215a298e1946cf414057aa56d2df3886de64c8d45bb2360e6330c52e72423b,2024=Base del cierre 2024; 2025-2026=BAASE del cierre julio 2026; solo Walmart + familia FENDI.
Towell,Walmart,WM,FENDI BD / familia FENDI en Walmart,7501897813160,101285355,7501897813160,TOALLA MB FENDI GRIS,Venta,eaches/piezas (provisional por encabezado; confirmar unidad oficial),2024-08,0.0,True,False,no documentado en fuente,Estadistica Venta Resurtible WM 2024 Dic 2024.xlsx,Base,113,AQ113,d579e5b7058ca7e351e6bae8b49861b05743015e8f80cd57346f3c56e1fe4952,2024=Base del cierre 2024; 2025-2026=BAASE del cierre julio 2026; solo Walmart + familia FENDI.
Towell,Walmart,WM,FENDI BD / familia FENDI en Walmart,7501897813160,101285355,7501897813160,TOALLA MB FENDI GRIS,Venta,eaches/piezas (provisional por encabezado; confirmar unidad oficial),2024-09,1.0,False,False,no documentado en fuente,Estadistica Venta Resurtible WM 2024 Dic 2024.xlsx,Base,113,AV113,91d050c5ef9c7fb58b9c25f057d8403e4517f2cf64e5a7d89f92db74831e5a25,2024=Base del cierre 2024; 2025-2026=BAASE del cierre julio 2026; solo Walmart + familia FENDI.
Towell,Walmart,WM,FENDI BD / familia FENDI en Walmart,7501897813160,101285355,7501897813160,TOALLA MB FENDI GRIS,Venta,eaches/piezas (provisional por encabezado; confirmar unidad oficial),2024-10,1745.0,False,False,no documentado en fuente,Estadistica Venta Resurtible WM 2024 Dic 2024.xlsx,Base,113,BA113,a2e50361b401b29e966b61512694c643382d322ab18e24b11d1426fb7532fb66,2024=Base del cierre 2024; 2025-2026=BAASE del cierre julio 2026; solo Walmart + familia FENDI.
Towell,Walmart,WM,FENDI BD / familia FENDI en Walmart,7501897813160,101285355,7501897813160,TOALLA MB FENDI GRIS,Venta,eaches/piezas (provisional por encabezado; confirmar unidad oficial),2024-11,3835.0,False,False,no documentado en fuente,Estadistica Venta Resurtible WM 2024 Dic 2024.xlsx,Base,113,BF113,a913b496594f30df5ad020089a1c02454561bb4f3ffe176738a71362737873dd,2024=Base del cierre 2024; 2025-2026=BAASE del cierre julio 2026; solo Walmart + familia FENDI.
Towell,Walmart,WM,FENDI BD / familia FENDI en Walmart,7501897813160,101285355,7501897813160,TOALLA MB FENDI GRIS,Venta,eaches/piezas (provisional por encabezado; confirmar unidad oficial),2024-12,5092.0,False,False,no documentado en fuente,Estadistica Venta Resurtible WM 2024 Dic 2024.xlsx,Base,113,BK113,0c2a6d25b8863a171b897f73660bb36aaf56297e5fdaeffcdf85347d304a2309,2024=Base del cierre 2024; 2025-2026=BAASE del cierre julio 2026; solo Walmart + familia FENDI.
Towell,Walmart,WM,FENDI BD / familia FENDI en Walmart,7501897813160,101285355,7501897813160,Toalla Mb Fendi Gris,Venta,pieza (provisional; la tabla no contiene columna Unidad),2025-01,5766.0,False,False,cierre julio 2026 indicado por nombre del archivo; estado por fila no disponible,Estadistica Todas las Cadenas Cierre de Julio 2026.xlsx,BAASE,594,V594,2948340aaa181fb6ed95c6b75c4cdfeb4a3c8a1ab5ac5f08c118fdad803de20e,2024=Base del cierre 2024; 2025-2026=BAASE del cierre julio 2026; solo Walmart + familia FENDI.
Towell,Walmart,WM,FENDI BD / familia FENDI en Walmart,7501897813160,101285355,7501897813160,Toalla Mb Fendi Gris,Venta,pieza (provisional; la tabla no contiene columna Unidad),2025-02,4019.0,False,False,cierre julio 2026 indicado por nombre del archivo; estado por fila no disponible,Estadistica Todas las Cadenas Cierre de Julio 2026.xlsx,BAASE,1215,V1215,c0ac3eb169a0904319111b9c1edd6b1af68132903ddd06f182d5be59c63d1e0a,2024=Base del cierre 2024; 2025-2026=BAASE del cierre julio 2026; solo Walmart + familia FENDI.
Towell,Walmart,WM,FENDI BD / familia FENDI en Walmart,7501897813160,101285355,7501897813160,Toalla Mb Fendi Gris,Venta,pieza (provisional; la tabla no contiene columna Unidad),2025-03,4660.0,False,False,cierre julio 2026 indicado por nombre del archivo; estado por fila no disponible,Estadistica Todas las Cadenas Cierre de Julio 2026.xlsx,BAASE,1837,V1837,c71a7070f8583a100c38a84c722950fd158af566be268cc05e6da1e04a96f888,2024=Base del cierre 2024; 2025-2026=BAASE del cierre julio 2026; solo Walmart + familia FENDI.
Towell,Walmart,WM,FENDI BD / familia FENDI en Walmart,7501897813160,101285355,7501897813160,Toalla Mb Fendi Gris,Venta,pieza (provisional; la tabla no contiene columna Unidad),2025-04,4657.0,False,False,cierre julio 2026 indicado por nombre del archivo; estado por fila no disponible,Estadistica Todas las Cadenas Cierre de Julio 2026.xlsx,BAASE,2456,V2456,79b64dec44cbd8a548b4f9cbb9aaa6182f3ac68e8c8733e7ccfb1fa0c6307c49,2024=Base del cierre 2024; 2025-2026=BAASE del cierre julio 2026; solo Walmart + familia FENDI.
Towell,Walmart,WM,FENDI BD / familia FENDI en Walmart,7501897813160,101285355,7501897813160,Toalla Mb Fendi Gris,Venta,pieza (provisional; la tabla no contiene columna Unidad),2025-05,3812.0,False,False,cierre julio 2026 indicado por nombre del archivo; estado por fila no disponible,Estadistica Todas las Cadenas Cierre de Julio 2026.xlsx,BAASE,3075,V3075,f9e644e2b0456d096067bff1ed1f87da1cbe01f3db9d94d3c1aecc40d9415c64,2024=Base del cierre 2024; 2025-2026=BAASE del cierre julio 2026; solo Walmart + familia FENDI.
Towell,Walmart,WM,FENDI BD / familia FENDI en Walmart,7501897813160,101285355,7501897813160,Toalla Mb Fendi Gris,Venta,pieza (provisional; la tabla no contiene columna Unidad),2025-06,4772.0,False,False,cierre julio 2026 indicado por nombre del archivo; estado por fila no disponible,Estadistica Todas las Cadenas Cierre de Julio 2026.xlsx,BAASE,3697,V3697,67d2a0e53eb3746f5564b289b0a4b567066f7f290c91cea60e238d062b1a1091,2024=Base del cierre 2024; 2025-2026=BAASE del cierre julio 2026; solo Walmart + familia FENDI.
Towell,Walmart,WM,FENDI BD / familia FENDI en Walmart,7501897813160,101285355,7501897813160,Toalla Mb Fendi Gris,Venta,pieza (provisional; la tabla no contiene columna Unidad),2025-07,4267.0,False,False,cierre julio 2026 indicado por nombre del archivo; estado por fila no disponible,Estadistica Todas las Cadenas Cierre de Julio 2026.xlsx,BAASE,4319,V4319,0bb3c0b6b29599cf62c694bcbe8060cb24df75cf7deaf1ef9416a11ce91a42f6,2024=Base del cierre 2024; 2025-2026=BAASE del cierre julio 2026; solo Walmart + familia FENDI.
Towell,Walmart,WM,FENDI BD / familia FENDI en Walmart,7501897813160,101285355,7501897813160,Toalla Mb Fendi Gris,Venta,pieza (provisional; la tabla no contiene columna Unidad),2025-08,3696.0,False,False,cierre julio 2026 indicado por nombre del archivo; estado por fila no disponible,Estadistica Todas las Cadenas Cierre de Julio 2026.xlsx,BAASE,4938,V4938,5b901dc42466fbdeb3beecb45309867b5228f6da77b4cf30ec1d54b0fef8ad14,2024=Base del cierre 2024; 2025-2026=BAASE del cierre julio 2026; solo Walmart + familia FENDI.
Towell,Walmart,WM,FENDI BD / familia FENDI en Walmart,7501897813160,101285355,7501897813160,Toalla Mb Fendi Gris,Venta,pieza (provisional; la tabla no contiene columna Unidad),2025-09,4303.0,False,False,cierre julio 2026 indicado por nombre del archivo; estado por fila no disponible,Estadistica Todas las Cadenas Cierre de Julio 2026.xlsx,BAASE,5557,V5557,5f03a19839df6e1269b639e390acd79624c10b39ae83a363a3e7c965f17857f2,2024=Base del cierre 2024; 2025-2026=BAASE del cierre julio 2026; solo Walmart + familia FENDI.
Towell,Walmart,WM,FENDI BD / familia FENDI en Walmart,7501897813160,101285355,7501897813160,Toalla Mb Fendi Gris,Venta,pieza (provisional; la tabla no contiene columna Unidad),2025-10,3174.0,False,False,cierre julio 2026 indicado por nombre del archivo; estado por fila no disponible,Estadistica Todas las Cadenas Cierre de Julio 2026.xlsx,BAASE,6176,V6176,9fb46b523866e658330566e33e5ba7bf40fd637c38786bedfe5e29de71483eaf,2024=Base del cierre 2024; 2025-2026=BAASE del cierre julio 2026; solo Walmart + familia FENDI.
Towell,Walmart,WM,FENDI BD / familia FENDI en Walmart,7501897813160,101285355,7501897813160,Toalla Mb Fendi Gris,Venta,pieza (provisional; la tabla no contiene columna Unidad),2025-11,3046.0,False,False,cierre julio 2026 indicado por nombre del archivo; estado por fila no disponible,Estadistica Todas las Cadenas Cierre de Julio 2026.xlsx,BAASE,6795,V6795,84b090e746dbca12cd1be0bd5033e8d3edafeb52692edbd5a0786f8bda9045f9,2024=Base del cierre 2024; 2025-2026=BAASE del cierre julio 2026; solo Walmart + familia FENDI.
Towell,Walmart,WM,FENDI BD / familia FENDI en Walmart,7501897813160,101285355,7501897813160,Toalla Mb Fendi Gris,Venta,pieza (provisional; la tabla no contiene columna Unidad),2025-12,4633.0,False,False,cierre julio 2026 indicado por nombre del archivo; estado por fila no disponible,Estadistica Todas las Cadenas Cierre de Julio 2026.xlsx,BAASE,7414,V7414,57413021bad9578fd00816b593e4da690bbc2abe4ab422556a1f1b873c30f9df,2024=Base del cierre 2024; 2025-2026=BAASE del cierre julio 2026; solo Walmart + familia FENDI.
Towell,Walmart,WM,FENDI BD / familia FENDI en Walmart,7501897813160,101285355,7501897813160,Toalla Mb Fendi Gris,Venta,pieza (provisional; la tabla no contiene columna Unidad),2026-01,2810.0,False,False,cierre julio 2026 indicado por nombre del archivo; estado por fila no disponible,Estadistica Todas las Cadenas Cierre de Julio 2026.xlsx,BAASE,7984,V7984,fa3dc5d271219b5305c2795b42f589cb2278d1cf497a9ae04cfc5468863d22c5,2024=Base del cierre 2024; 2025-2026=BAASE del cierre julio 2026; solo Walmart + familia FENDI.
Towell,Walmart,WM,FENDI BD / familia FENDI en Walmart,7501897813160,101285355,7501897813160,Toalla Mb Fendi Gris,Venta,pieza (provisional; la tabla no contiene columna Unidad),2026-02,2634.0,False,False,cierre julio 2026 indicado por nombre del archivo; estado por fila no disponible,Estadistica Todas las Cadenas Cierre de Julio 2026.xlsx,BAASE,8563,V8563,4e71826e448d7ab83daddb6218d69d0eea9f129affbdb055d88c1aeca1e414ed,2024=Base del cierre 2024; 2025-2026=BAASE del cierre julio 2026; solo Walmart + familia FENDI.
Towell,Walmart,WM,FENDI BD / familia FENDI en Walmart,7501897813160,101285355,7501897813160,Toalla Mb Fendi Gris,Venta,pieza (provisional; la tabla no contiene columna Unidad),2026-03,1701.0,False,False,cierre julio 2026 indicado por nombre del archivo; estado por fila no disponible,Estadistica Todas las Cadenas Cierre de Julio 2026.xlsx,BAASE,9142,V9142,d3cebc71e1556f843f819aa4047991c4da26a7f863d5f9901255245edf229ff1,2024=Base del cierre 2024; 2025-2026=BAASE del cierre julio 2026; solo Walmart + familia FENDI.
Towell,Walmart,WM,FENDI BD / familia FENDI en Walmart,7501897813160,101285355,7501897813160,Toalla Mb Fendi Gris,Venta,pieza (provisional; la tabla no contiene columna Unidad),2026-04,1039.0,False,False,cierre julio 2026 indicado por nombre del archivo; estado por fila no disponible,Estadistica Todas las Cadenas Cierre de Julio 2026.xlsx,BAASE,9721,V9721,1a48f12c90ab99d35a66e53fe7b890c79ba858896e13b5a208ae1b95599d7f6a,2024=Base del cierre 2024; 2025-2026=BAASE del cierre julio 2026; solo Walmart + familia FENDI.
Towell,Walmart,WM,FENDI BD / familia FENDI en Walmart,7501897813160,101285355,7501897813160,Toalla Mb Fendi Gris,Venta,pieza (provisional; la tabla no contiene columna Unidad),2026-05,554.0,False,False,cierre julio 2026 indicado por nombre del archivo; estado por fila no disponible,Estadistica Todas las Cadenas Cierre de Julio 2026.xlsx,BAASE,10300,V10300,fa009b1d1408ec81a7eee72fe424ca4009303387ad6b208e4ec3043774c56bd6,2024=Base del cierre 2024; 2025-2026=BAASE del cierre julio 2026; solo Walmart + familia FENDI.
Towell,Walmart,WM,FENDI BD / familia FENDI en Walmart,7501897813160,101285355,7501897813160,Toalla Mb Fendi Gris,Venta,pieza (provisional; la tabla no contiene columna Unidad),2026-06,407.0,False,False,cierre julio 2026 indicado por nombre del archivo; estado por fila no disponible,Estadistica Todas las Cadenas Cierre de Julio 2026.xlsx,BAASE,10879,V10879,fc841493be9231f5edaab07edc63173f5989cfec6b4517bde434cbdae22a4961,2024=Base del cierre 2024; 2025-2026=BAASE del cierre julio 2026; solo Walmart + familia FENDI.
Towell,Walmart,WM,FENDI BD / familia FENDI en Walmart,7501897813160,101285355,7501897813160,Toalla Mb Fendi Gris,Venta,pieza (provisional; la tabla no contiene columna Unidad),2026-07,116.0,False,False,cierre julio 2026 indicado por nombre del archivo; estado por fila no disponible,Estadistica Todas las Cadenas Cierre de Julio 2026.xlsx,BAASE,11458,V11458,3186c72ca86979fa5058391047b7f9dbc10995e7fca0ea253fdfa4873e7339bb,2024=Base del cierre 2024; 2025-2026=BAASE del cierre julio 2026; solo Walmart + familia FENDI.
Towell,Walmart,WM,FENDI BD / familia FENDI en Walmart,7501897813177,101285348,7501897813177,TOALLA MB FENDI BEIGE,Venta,eaches/piezas (provisional por encabezado; confirmar unidad oficial),2024-01,0.0,True,False,no documentado en fuente,Estadistica Venta Resurtible WM 2024 Dic 2024.xlsx,Base,108,H108,71a48f4eeebf216da586aea2a335572275c3d1e95c289ceea65468a0ed6a7523,2024=Base del cierre 2024; 2025-2026=BAASE del cierre julio 2026; solo Walmart + familia FENDI.
Towell,Walmart,WM,FENDI BD / familia FENDI en Walmart,7501897813177,101285348,7501897813177,TOALLA MB FENDI BEIGE,Venta,eaches/piezas (provisional por encabezado; confirmar unidad oficial),2024-02,0.0,True,False,no documentado en fuente,Estadistica Venta Resurtible WM 2024 Dic 2024.xlsx,Base,108,M108,5bc6557237ce5f503eb8a8d043bc6a9dd506ebebbc2a5dee1a82f37d1ee652ba,2024=Base del cierre 2024; 2025-2026=BAASE del cierre julio 2026; solo Walmart + familia FENDI.
Towell,Walmart,WM,FENDI BD / familia FENDI en Walmart,7501897813177,101285348,7501897813177,TOALLA MB FENDI BEIGE,Venta,eaches/piezas (provisional por encabezado; confirmar unidad oficial),2024-03,0.0,True,False,no documentado en fuente,Estadistica Venta Resurtible WM 2024 Dic 2024.xlsx,Base,108,R108,5aaa1224ee95d2e83f55f235c1abb11daf1c53c1bc6504dba57763e363e8a43a,2024=Base del cierre 2024; 2025-2026=BAASE del cierre julio 2026; solo Walmart + familia FENDI.
Towell,Walmart,WM,FENDI BD / familia FENDI en Walmart,7501897813177,101285348,7501897813177,TOALLA MB FENDI BEIGE,Venta,eaches/piezas (provisional por encabezado; confirmar unidad oficial),2024-04,0.0,True,False,no documentado en fuente,Estadistica Venta Resurtible WM 2024 Dic 2024.xlsx,Base,108,W108,9426f1619be313bf92785a3c78be281bba73660074ff4d6ea7373f4c40798c90,2024=Base del cierre 2024; 2025-2026=BAASE del cierre julio 2026; solo Walmart + familia FENDI.
Towell,Walmart,WM,FENDI BD / familia FENDI en Walmart,7501897813177,101285348,7501897813177,TOALLA MB FENDI BEIGE,Venta,eaches/piezas (provisional por encabezado; confirmar unidad oficial),2024-05,0.0,True,False,no documentado en fuente,Estadistica Venta Resurtible WM 2024 Dic 2024.xlsx,Base,108,AB108,3cf777086d5ace78a29eb614f3515053aa0ecf8961e72ff9e2ee711dae524d7c,2024=Base del cierre 2024; 2025-2026=BAASE del cierre julio 2026; solo Walmart + familia FENDI.
Towell,Walmart,WM,FENDI BD / familia FENDI en Walmart,7501897813177,101285348,7501897813177,TOALLA MB FENDI BEIGE,Venta,eaches/piezas (provisional por encabezado; confirmar unidad oficial),2024-06,0.0,True,False,no documentado en fuente,Estadistica Venta Resurtible WM 2024 Dic 2024.xlsx,Base,108,AG108,6ca7ce9623ac5df0b663a16cc200a53f5aeff65dafd17e75a63e47b5e26f7e3a,2024=Base del cierre 2024; 2025-2026=BAASE del cierre julio 2026; solo Walmart + familia FENDI.
Towell,Walmart,WM,FENDI BD / familia FENDI en Walmart,7501897813177,101285348,7501897813177,TOALLA MB FENDI BEIGE,Venta,eaches/piezas (provisional por encabezado; confirmar unidad oficial),2024-07,0.0,True,False,no documentado en fuente,Estadistica Venta Resurtible WM 2024 Dic 2024.xlsx,Base,108,AL108,cf23e8718ee899a873f069e1d294368a129e9a1d5016a23e648fef3684af3281,2024=Base del cierre 2024; 2025-2026=BAASE del cierre julio 2026; solo Walmart + familia FENDI.
Towell,Walmart,WM,FENDI BD / familia FENDI en Walmart,7501897813177,101285348,7501897813177,TOALLA MB FENDI BEIGE,Venta,eaches/piezas (provisional por encabezado; confirmar unidad oficial),2024-08,0.0,True,False,no documentado en fuente,Estadistica Venta Resurtible WM 2024 Dic 2024.xlsx,Base,108,AQ108,b177e7b8bd64c4f1b81899e427cf5bc689d63a470afac6e31aa1c1d1bfb8c67f,2024=Base del cierre 2024; 2025-2026=BAASE del cierre julio 2026; solo Walmart + familia FENDI.
Towell,Walmart,WM,FENDI BD / familia FENDI en Walmart,7501897813177,101285348,7501897813177,TOALLA MB FENDI BEIGE,Venta,eaches/piezas (provisional por encabezado; confirmar unidad oficial),2024-09,3.0,False,False,no documentado en fuente,Estadistica Venta Resurtible WM 2024 Dic 2024.xlsx,Base,108,AV108,95a57036c1eef55784b8c86fd682092af1e7cc2607bae8c12f86a41d8b6e34bb,2024=Base del cierre 2024; 2025-2026=BAASE del cierre julio 2026; solo Walmart + familia FENDI.
Towell,Walmart,WM,FENDI BD / familia FENDI en Walmart,7501897813177,101285348,7501897813177,TOALLA MB FENDI BEIGE,Venta,eaches/piezas (provisional por encabezado; confirmar unidad oficial),2024-10,2128.0,False,False,no documentado en fuente,Estadistica Venta Resurtible WM 2024 Dic 2024.xlsx,Base,108,BA108,3df247ad6ad2e6eee3425fe807f3fe66851534860fe6ee8fb207770446f20fb2,2024=Base del cierre 2024; 2025-2026=BAASE del cierre julio 2026; solo Walmart + familia FENDI.
Towell,Walmart,WM,FENDI BD / familia FENDI en Walmart,7501897813177,101285348,7501897813177,TOALLA MB FENDI BEIGE,Venta,eaches/piezas (provisional por encabezado; confirmar unidad oficial),2024-11,4352.0,False,False,no documentado en fuente,Estadistica Venta Resurtible WM 2024 Dic 2024.xlsx,Base,108,BF108,181eabf55aa5a3d52d9f1ab71252968384907ea24aba39573b8f94af9f11aac2,2024=Base del cierre 2024; 2025-2026=BAASE del cierre julio 2026; solo Walmart + familia FENDI.
Towell,Walmart,WM,FENDI BD / familia FENDI en Walmart,7501897813177,101285348,7501897813177,TOALLA MB FENDI BEIGE,Venta,eaches/piezas (provisional por encabezado; confirmar unidad oficial),2024-12,5194.0,False,False,no documentado en fuente,Estadistica Venta Resurtible WM 2024 Dic 2024.xlsx,Base,108,BK108,4d5d2bc94ef7523dfb01aaf349b60079450428e570748aef57de213f0988505d,2024=Base del cierre 2024; 2025-2026=BAASE del cierre julio 2026; solo Walmart + familia FENDI.
Towell,Walmart,WM,FENDI BD / familia FENDI en Walmart,7501897813177,101285348,7501897813177,Toalla Mb Fendi Beige,Venta,pieza (provisional; la tabla no contiene columna Unidad),2025-01,6179.0,False,False,cierre julio 2026 indicado por nombre del archivo; estado por fila no disponible,Estadistica Todas las Cadenas Cierre de Julio 2026.xlsx,BAASE,595,V595,9173b85289fed74ce29268cd1ba64759e12c6bacb7922a5c56f60f08c2f29c3f,2024=Base del cierre 2024; 2025-2026=BAASE del cierre julio 2026; solo Walmart + familia FENDI.
Towell,Walmart,WM,FENDI BD / familia FENDI en Walmart,7501897813177,101285348,7501897813177,Toalla Mb Fendi Beige,Venta,pieza (provisional; la tabla no contiene columna Unidad),2025-02,4150.0,False,False,cierre julio 2026 indicado por nombre del archivo; estado por fila no disponible,Estadistica Todas las Cadenas Cierre de Julio 2026.xlsx,BAASE,1216,V1216,ab00f3625d91cce83a9c6641fffc9f93ea182eee66a8239f7bec44f0311dd26e,2024=Base del cierre 2024; 2025-2026=BAASE del cierre julio 2026; solo Walmart + familia FENDI.
Towell,Walmart,WM,FENDI BD / familia FENDI en Walmart,7501897813177,101285348,7501897813177,Toalla Mb Fendi Beige,Venta,pieza (provisional; la tabla no contiene columna Unidad),2025-03,4531.0,False,False,cierre julio 2026 indicado por nombre del archivo; estado por fila no disponible,Estadistica Todas las Cadenas Cierre de Julio 2026.xlsx,BAASE,1838,V1838,6f0493226b7a7d815c9571451e2ee690ee77645f83ae41e9c1ddc0e532e2daf2,2024=Base del cierre 2024; 2025-2026=BAASE del cierre julio 2026; solo Walmart + familia FENDI.
Towell,Walmart,WM,FENDI BD / familia FENDI en Walmart,7501897813177,101285348,7501897813177,Toalla Mb Fendi Beige,Venta,pieza (provisional; la tabla no contiene columna Unidad),2025-04,4533.0,False,False,cierre julio 2026 indicado por nombre del archivo; estado por fila no disponible,Estadistica Todas las Cadenas Cierre de Julio 2026.xlsx,BAASE,2457,V2457,c7d04b22d271ce0e17748d67976121b2bbf7e2dafaa8955e2c3690eace5b71b8,2024=Base del cierre 2024; 2025-2026=BAASE del cierre julio 2026; solo Walmart + familia FENDI.
Towell,Walmart,WM,FENDI BD / familia FENDI en Walmart,7501897813177,101285348,7501897813177,Toalla Mb Fendi Beige,Venta,pieza (provisional; la tabla no contiene columna Unidad),2025-05,3695.0,False,False,cierre julio 2026 indicado por nombre del archivo; estado por fila no disponible,Estadistica Todas las Cadenas Cierre de Julio 2026.xlsx,BAASE,3076,V3076,a88d7cd455ffe55d401e0cdb8734f059853a3e7272e1e2d764fc1d7c0fe5c532,2024=Base del cierre 2024; 2025-2026=BAASE del cierre julio 2026; solo Walmart + familia FENDI.
Towell,Walmart,WM,FENDI BD / familia FENDI en Walmart,7501897813177,101285348,7501897813177,Toalla Mb Fendi Beige,Venta,pieza (provisional; la tabla no contiene columna Unidad),2025-06,4629.0,False,False,cierre julio 2026 indicado por nombre del archivo; estado por fila no disponible,Estadistica Todas las Cadenas Cierre de Julio 2026.xlsx,BAASE,3698,V3698,be7f5c5e9159700bbe0ccff3e757d71d3303144f89e16d301f11b0b5185a871d,2024=Base del cierre 2024; 2025-2026=BAASE del cierre julio 2026; solo Walmart + familia FENDI.
Towell,Walmart,WM,FENDI BD / familia FENDI en Walmart,7501897813177,101285348,7501897813177,Toalla Mb Fendi Beige,Venta,pieza (provisional; la tabla no contiene columna Unidad),2025-07,3907.0,False,False,cierre julio 2026 indicado por nombre del archivo; estado por fila no disponible,Estadistica Todas las Cadenas Cierre de Julio 2026.xlsx,BAASE,4320,V4320,d27c35cfec99e6d40cbf860053c9b15516351ea3a99053e269ab3c9526790a40,2024=Base del cierre 2024; 2025-2026=BAASE del cierre julio 2026; solo Walmart + familia FENDI.
Towell,Walmart,WM,FENDI BD / familia FENDI en Walmart,7501897813177,101285348,7501897813177,Toalla Mb Fendi Beige,Venta,pieza (provisional; la tabla no contiene columna Unidad),2025-08,3624.0,False,False,cierre julio 2026 indicado por nombre del archivo; estado por fila no disponible,Estadistica Todas las Cadenas Cierre de Julio 2026.xlsx,BAASE,4939,V4939,7fa2d89416248c4e95ca61dc82d7ab31261ac672c4ae5eee417ded5ec4382a18,2024=Base del cierre 2024; 2025-2026=BAASE del cierre julio 2026; solo Walmart + familia FENDI.
Towell,Walmart,WM,FENDI BD / familia FENDI en Walmart,7501897813177,101285348,7501897813177,Toalla Mb Fendi Beige,Venta,pieza (provisional; la tabla no contiene columna Unidad),2025-09,4497.0,False,False,cierre julio 2026 indicado por nombre del archivo; estado por fila no disponible,Estadistica Todas las Cadenas Cierre de Julio 2026.xlsx,BAASE,5558,V5558,d85adeab2bf73d5ce6b57452db7758f4911a739938a40de5f69748f4d16b2b70,2024=Base del cierre 2024; 2025-2026=BAASE del cierre julio 2026; solo Walmart + familia FENDI.
Towell,Walmart,WM,FENDI BD / familia FENDI en Walmart,7501897813177,101285348,7501897813177,Toalla Mb Fendi Beige,Venta,pieza (provisional; la tabla no contiene columna Unidad),2025-10,3327.0,False,False,cierre julio 2026 indicado por nombre del archivo; estado por fila no disponible,Estadistica Todas las Cadenas Cierre de Julio 2026.xlsx,BAASE,6177,V6177,9e47e09386852c95503536619a559b547d88c81f088de87a6988e5a87b70df6b,2024=Base del cierre 2024; 2025-2026=BAASE del cierre julio 2026; solo Walmart + familia FENDI.
Towell,Walmart,WM,FENDI BD / familia FENDI en Walmart,7501897813177,101285348,7501897813177,Toalla Mb Fendi Beige,Venta,pieza (provisional; la tabla no contiene columna Unidad),2025-11,3741.0,False,False,cierre julio 2026 indicado por nombre del archivo; estado por fila no disponible,Estadistica Todas las Cadenas Cierre de Julio 2026.xlsx,BAASE,6796,V6796,94bff4d855e0ba289aa40bdc3f25e66596322b043327cf41c1bc28a7aa4aa379,2024=Base del cierre 2024; 2025-2026=BAASE del cierre julio 2026; solo Walmart + familia FENDI.
Towell,Walmart,WM,FENDI BD / familia FENDI en Walmart,7501897813177,101285348,7501897813177,Toalla Mb Fendi Beige,Venta,pieza (provisional; la tabla no contiene columna Unidad),2025-12,7371.0,False,False,cierre julio 2026 indicado por nombre del archivo; estado por fila no disponible,Estadistica Todas las Cadenas Cierre de Julio 2026.xlsx,BAASE,7415,V7415,ac87d37e183206e09a7f5c29c52a937ddccc7f4467f22e67a7bf7d0b7af8ad18,2024=Base del cierre 2024; 2025-2026=BAASE del cierre julio 2026; solo Walmart + familia FENDI.
Towell,Walmart,WM,FENDI BD / familia FENDI en Walmart,7501897813177,101285348,7501897813177,Toalla Mb Fendi Beige,Venta,pieza (provisional; la tabla no contiene columna Unidad),2026-01,5289.0,False,False,cierre julio 2026 indicado por nombre del archivo; estado por fila no disponible,Estadistica Todas las Cadenas Cierre de Julio 2026.xlsx,BAASE,7985,V7985,1f26fb5c97063fc1daf725d6d6455c1bdac7843f6fca07001e92f2f3793b5364,2024=Base del cierre 2024; 2025-2026=BAASE del cierre julio 2026; solo Walmart + familia FENDI.
Towell,Walmart,WM,FENDI BD / familia FENDI en Walmart,7501897813177,101285348,7501897813177,Toalla Mb Fendi Beige,Venta,pieza (provisional; la tabla no contiene columna Unidad),2026-02,4430.0,False,False,cierre julio 2026 indicado por nombre del archivo; estado por fila no disponible,Estadistica Todas las Cadenas Cierre de Julio 2026.xlsx,BAASE,8564,V8564,e164bd9cb36af06103cfd053cd3ef501b5f159a3b1d1f06aee56ebf0b37c25af,2024=Base del cierre 2024; 2025-2026=BAASE del cierre julio 2026; solo Walmart + familia FENDI.
Towell,Walmart,WM,FENDI BD / familia FENDI en Walmart,7501897813177,101285348,7501897813177,Toalla Mb Fendi Beige,Venta,pieza (provisional; la tabla no contiene columna Unidad),2026-03,6775.0,False,False,cierre julio 2026 indicado por nombre del archivo; estado por fila no disponible,Estadistica Todas las Cadenas Cierre de Julio 2026.xlsx,BAASE,9143,V9143,b6f1f97dc10746a93b010bb2598ee8418d82290e5bf5a9949c65e917c97576d5,2024=Base del cierre 2024; 2025-2026=BAASE del cierre julio 2026; solo Walmart + familia FENDI.
Towell,Walmart,WM,FENDI BD / familia FENDI en Walmart,7501897813177,101285348,7501897813177,Toalla Mb Fendi Beige,Venta,pieza (provisional; la tabla no contiene columna Unidad),2026-04,7326.0,False,False,cierre julio 2026 indicado por nombre del archivo; estado por fila no disponible,Estadistica Todas las Cadenas Cierre de Julio 2026.xlsx,BAASE,9722,V9722,ff442a9517a47dbdbebc794c5b42a4fc1aba9dcfaf3ca7200fd769ef829cbddc,2024=Base del cierre 2024; 2025-2026=BAASE del cierre julio 2026; solo Walmart + familia FENDI.
Towell,Walmart,WM,FENDI BD / familia FENDI en Walmart,7501897813177,101285348,7501897813177,Toalla Mb Fendi Beige,Venta,pieza (provisional; la tabla no contiene columna Unidad),2026-05,7003.0,False,False,cierre julio 2026 indicado por nombre del archivo; estado por fila no disponible,Estadistica Todas las Cadenas Cierre de Julio 2026.xlsx,BAASE,10301,V10301,c06bc1e599ab4672164575d6e5c5118ee81acacf43f512f242874e906cdee4ae,2024=Base del cierre 2024; 2025-2026=BAASE del cierre julio 2026; solo Walmart + familia FENDI.
Towell,Walmart,WM,FENDI BD / familia FENDI en Walmart,7501897813177,101285348,7501897813177,Toalla Mb Fendi Beige,Venta,pieza (provisional; la tabla no contiene columna Unidad),2026-06,8776.0,False,False,cierre julio 2026 indicado por nombre del archivo; estado por fila no disponible,Estadistica Todas las Cadenas Cierre de Julio 2026.xlsx,BAASE,10880,V10880,4a265c108724a378763e93ed239c5241bc576b937002f2a99a7daa7bf4483a5d,2024=Base del cierre 2024; 2025-2026=BAASE del cierre julio 2026; solo Walmart + familia FENDI.
Towell,Walmart,WM,FENDI BD / familia FENDI en Walmart,7501897813177,101285348,7501897813177,Toalla Mb Fendi Beige,Venta,pieza (provisional; la tabla no contiene columna Unidad),2026-07,7795.0,False,False,cierre julio 2026 indicado por nombre del archivo; estado por fila no disponible,Estadistica Todas las Cadenas Cierre de Julio 2026.xlsx,BAASE,11459,V11459,218a90fffb7b1188f14e536ecb08a78f32b66611d8ea713b3088a81d96db3b2f,2024=Base del cierre 2024; 2025-2026=BAASE del cierre julio 2026; solo Walmart + familia FENDI.
Towell,Walmart,WM,FENDI BD / familia FENDI en Walmart,7501897813184,101285354,7501897813184,TOALLA MB FENDI ROSA,Venta,eaches/piezas (provisional por encabezado; confirmar unidad oficial),2024-01,0.0,True,False,no documentado en fuente,Estadistica Venta Resurtible WM 2024 Dic 2024.xlsx,Base,112,H112,506f09b46a49adcc7188afe032d66a6953a296292baf596b8eec82951c76d864,2024=Base del cierre 2024; 2025-2026=BAASE del cierre julio 2026; solo Walmart + familia FENDI.
Towell,Walmart,WM,FENDI BD / familia FENDI en Walmart,7501897813184,101285354,7501897813184,TOALLA MB FENDI ROSA,Venta,eaches/piezas (provisional por encabezado; confirmar unidad oficial),2024-02,0.0,True,False,no documentado en fuente,Estadistica Venta Resurtible WM 2024 Dic 2024.xlsx,Base,112,M112,35a7d5d6d69da75286a469031263a73f839dd9365b7969ab59a0861cd9d5b2c3,2024=Base del cierre 2024; 2025-2026=BAASE del cierre julio 2026; solo Walmart + familia FENDI.
Towell,Walmart,WM,FENDI BD / familia FENDI en Walmart,7501897813184,101285354,7501897813184,TOALLA MB FENDI ROSA,Venta,eaches/piezas (provisional por encabezado; confirmar unidad oficial),2024-03,0.0,True,False,no documentado en fuente,Estadistica Venta Resurtible WM 2024 Dic 2024.xlsx,Base,112,R112,9820862e965386073a2c351c8ac4fbfab35a780807f53f091ded8a6495a000c7,2024=Base del cierre 2024; 2025-2026=BAASE del cierre julio 2026; solo Walmart + familia FENDI.
Towell,Walmart,WM,FENDI BD / familia FENDI en Walmart,7501897813184,101285354,7501897813184,TOALLA MB FENDI ROSA,Venta,eaches/piezas (provisional por encabezado; confirmar unidad oficial),2024-04,0.0,True,False,no documentado en fuente,Estadistica Venta Resurtible WM 2024 Dic 2024.xlsx,Base,112,W112,4ee9adbede2435a4a54c8a8408f903431a52c4a40e157917f33533e9b752e0de,2024=Base del cierre 2024; 2025-2026=BAASE del cierre julio 2026; solo Walmart + familia FENDI.
Towell,Walmart,WM,FENDI BD / familia FENDI en Walmart,7501897813184,101285354,7501897813184,TOALLA MB FENDI ROSA,Venta,eaches/piezas (provisional por encabezado; confirmar unidad oficial),2024-05,0.0,True,False,no documentado en fuente,Estadistica Venta Resurtible WM 2024 Dic 2024.xlsx,Base,112,AB112,752dbfbfc5ec50256acc5819610eea9270fb166bac496d4cf63088e3714a317d,2024=Base del cierre 2024; 2025-2026=BAASE del cierre julio 2026; solo Walmart + familia FENDI.
Towell,Walmart,WM,FENDI BD / familia FENDI en Walmart,7501897813184,101285354,7501897813184,TOALLA MB FENDI ROSA,Venta,eaches/piezas (provisional por encabezado; confirmar unidad oficial),2024-06,0.0,True,False,no documentado en fuente,Estadistica Venta Resurtible WM 2024 Dic 2024.xlsx,Base,112,AG112,bd5f3ada4501106c6769fe621f6ceea7ddce053c5b71bda226ce7c3a5ff90c25,2024=Base del cierre 2024; 2025-2026=BAASE del cierre julio 2026; solo Walmart + familia FENDI.
Towell,Walmart,WM,FENDI BD / familia FENDI en Walmart,7501897813184,101285354,7501897813184,TOALLA MB FENDI ROSA,Venta,eaches/piezas (provisional por encabezado; confirmar unidad oficial),2024-07,0.0,True,False,no documentado en fuente,Estadistica Venta Resurtible WM 2024 Dic 2024.xlsx,Base,112,AL112,be2ddce8eb45ce3e26a48155e547bafef78091cf0aa735fde04856a6ceb155c6,2024=Base del cierre 2024; 2025-2026=BAASE del cierre julio 2026; solo Walmart + familia FENDI.
Towell,Walmart,WM,FENDI BD / familia FENDI en Walmart,7501897813184,101285354,7501897813184,TOALLA MB FENDI ROSA,Venta,eaches/piezas (provisional por encabezado; confirmar unidad oficial),2024-08,0.0,True,False,no documentado en fuente,Estadistica Venta Resurtible WM 2024 Dic 2024.xlsx,Base,112,AQ112,57eb24b3e2002c00445ed741ca54440cc1f2e165126ea6c9b0898ec109fed588,2024=Base del cierre 2024; 2025-2026=BAASE del cierre julio 2026; solo Walmart + familia FENDI.
Towell,Walmart,WM,FENDI BD / familia FENDI en Walmart,7501897813184,101285354,7501897813184,TOALLA MB FENDI ROSA,Venta,eaches/piezas (provisional por encabezado; confirmar unidad oficial),2024-09,6.0,False,False,no documentado en fuente,Estadistica Venta Resurtible WM 2024 Dic 2024.xlsx,Base,112,AV112,68e8c42d2abdc4d7d67a586b9d5075bc766f0ce1a3c59e36b2597ba4c1c9b4ed,2024=Base del cierre 2024; 2025-2026=BAASE del cierre julio 2026; solo Walmart + familia FENDI.
Towell,Walmart,WM,FENDI BD / familia FENDI en Walmart,7501897813184,101285354,7501897813184,TOALLA MB FENDI ROSA,Venta,eaches/piezas (provisional por encabezado; confirmar unidad oficial),2024-10,1849.0,False,False,no documentado en fuente,Estadistica Venta Resurtible WM 2024 Dic 2024.xlsx,Base,112,BA112,4ff16a3641be0f3c4cae6ce2db60560064f477e79c16edbad8e3395287a6dc96,2024=Base del cierre 2024; 2025-2026=BAASE del cierre julio 2026; solo Walmart + familia FENDI.
Towell,Walmart,WM,FENDI BD / familia FENDI en Walmart,7501897813184,101285354,7501897813184,TOALLA MB FENDI ROSA,Venta,eaches/piezas (provisional por encabezado; confirmar unidad oficial),2024-11,3962.0,False,False,no documentado en fuente,Estadistica Venta Resurtible WM 2024 Dic 2024.xlsx,Base,112,BF112,1043a7f1b8c3cea3dc917fa859d415ecaf8f91957cb44c0f90a2493a9e104416,2024=Base del cierre 2024; 2025-2026=BAASE del cierre julio 2026; solo Walmart + familia FENDI.
Towell,Walmart,WM,FENDI BD / familia FENDI en Walmart,7501897813184,101285354,7501897813184,TOALLA MB FENDI ROSA,Venta,eaches/piezas (provisional por encabezado; confirmar unidad oficial),2024-12,5392.0,False,False,no documentado en fuente,Estadistica Venta Resurtible WM 2024 Dic 2024.xlsx,Base,112,BK112,261dd8a08884cd47ef0336f368fe4c888e887495608f7b2d88fcac14f4625813,2024=Base del cierre 2024; 2025-2026=BAASE del cierre julio 2026; solo Walmart + familia FENDI.
Towell,Walmart,WM,FENDI BD / familia FENDI en Walmart,7501897813184,101285354,7501897813184,Toalla Mb Fendi Rosa,Venta,pieza (provisional; la tabla no contiene columna Unidad),2025-01,6430.0,False,False,cierre julio 2026 indicado por nombre del archivo; estado por fila no disponible,Estadistica Todas las Cadenas Cierre de Julio 2026.xlsx,BAASE,596,V596,e1f63e65002dfb07a48c0ef0b05a9a34a890ab4ec764230935c3099958f0d227,2024=Base del cierre 2024; 2025-2026=BAASE del cierre julio 2026; solo Walmart + familia FENDI.
Towell,Walmart,WM,FENDI BD / familia FENDI en Walmart,7501897813184,101285354,7501897813184,Toalla Mb Fendi Rosa,Venta,pieza (provisional; la tabla no contiene columna Unidad),2025-02,5382.0,False,False,cierre julio 2026 indicado por nombre del archivo; estado por fila no disponible,Estadistica Todas las Cadenas Cierre de Julio 2026.xlsx,BAASE,1217,V1217,1a795298239687be6213e1c7c8575bef49c05382c1ab88b7f3f2aec5caa20373,2024=Base del cierre 2024; 2025-2026=BAASE del cierre julio 2026; solo Walmart + familia FENDI.
Towell,Walmart,WM,FENDI BD / familia FENDI en Walmart,7501897813184,101285354,7501897813184,Toalla Mb Fendi Rosa,Venta,pieza (provisional; la tabla no contiene columna Unidad),2025-03,8873.0,False,False,cierre julio 2026 indicado por nombre del archivo; estado por fila no disponible,Estadistica Todas las Cadenas Cierre de Julio 2026.xlsx,BAASE,1839,V1839,839dbea19ab1ef7c9cd7846ff067bb3954910a3444564470ada0b3bb436ae098,2024=Base del cierre 2024; 2025-2026=BAASE del cierre julio 2026; solo Walmart + familia FENDI.
Towell,Walmart,WM,FENDI BD / familia FENDI en Walmart,7501897813184,101285354,7501897813184,Toalla Mb Fendi Rosa,Venta,pieza (provisional; la tabla no contiene columna Unidad),2025-04,9624.0,False,False,cierre julio 2026 indicado por nombre del archivo; estado por fila no disponible,Estadistica Todas las Cadenas Cierre de Julio 2026.xlsx,BAASE,2458,V2458,e751493ade16701689eb8c58be0d0cbe5f5848cffb6934b941d320eaefd728a2,2024=Base del cierre 2024; 2025-2026=BAASE del cierre julio 2026; solo Walmart + familia FENDI.
Towell,Walmart,WM,FENDI BD / familia FENDI en Walmart,7501897813184,101285354,7501897813184,Toalla Mb Fendi Rosa,Venta,pieza (provisional; la tabla no contiene columna Unidad),2025-05,8629.0,False,False,cierre julio 2026 indicado por nombre del archivo; estado por fila no disponible,Estadistica Todas las Cadenas Cierre de Julio 2026.xlsx,BAASE,3077,V3077,648ee93bba1b9c5f29d81c8e7910a5bdf505a8fcd2ed77a8d8d880a9885662ab,2024=Base del cierre 2024; 2025-2026=BAASE del cierre julio 2026; solo Walmart + familia FENDI.
Towell,Walmart,WM,FENDI BD / familia FENDI en Walmart,7501897813184,101285354,7501897813184,Toalla Mb Fendi Rosa,Venta,pieza (provisional; la tabla no contiene columna Unidad),2025-06,11537.0,False,False,cierre julio 2026 indicado por nombre del archivo; estado por fila no disponible,Estadistica Todas las Cadenas Cierre de Julio 2026.xlsx,BAASE,3699,V3699,167e66733ee72fa2105eb4e9aeca1e29d1c0ff9a26352b8ccf8ef663e8c0e7f0,2024=Base del cierre 2024; 2025-2026=BAASE del cierre julio 2026; solo Walmart + familia FENDI.
Towell,Walmart,WM,FENDI BD / familia FENDI en Walmart,7501897813184,101285354,7501897813184,Toalla Mb Fendi Rosa,Venta,pieza (provisional; la tabla no contiene columna Unidad),2025-07,10414.0,False,False,cierre julio 2026 indicado por nombre del archivo; estado por fila no disponible,Estadistica Todas las Cadenas Cierre de Julio 2026.xlsx,BAASE,4321,V4321,ed83cc5902d22faf5dcd9955eb3763c63a50975907401c2cb1d577eadd9911c0,2024=Base del cierre 2024; 2025-2026=BAASE del cierre julio 2026; solo Walmart + familia FENDI.
Towell,Walmart,WM,FENDI BD / familia FENDI en Walmart,7501897813184,101285354,7501897813184,Toalla Mb Fendi Rosa,Venta,pieza (provisional; la tabla no contiene columna Unidad),2025-08,9173.0,False,False,cierre julio 2026 indicado por nombre del archivo; estado por fila no disponible,Estadistica Todas las Cadenas Cierre de Julio 2026.xlsx,BAASE,4940,V4940,d3521fbc0d0e165744789b29f7c66ed63421edb591dd2fc6f24b0aa94495b277,2024=Base del cierre 2024; 2025-2026=BAASE del cierre julio 2026; solo Walmart + familia FENDI.
Towell,Walmart,WM,FENDI BD / familia FENDI en Walmart,7501897813184,101285354,7501897813184,Toalla Mb Fendi Rosa,Venta,pieza (provisional; la tabla no contiene columna Unidad),2025-09,9739.0,False,False,cierre julio 2026 indicado por nombre del archivo; estado por fila no disponible,Estadistica Todas las Cadenas Cierre de Julio 2026.xlsx,BAASE,5559,V5559,05484ec7a181c20fd5c824173f9ef172189e3e56a7ac25994fce88cd07c34653,2024=Base del cierre 2024; 2025-2026=BAASE del cierre julio 2026; solo Walmart + familia FENDI.
Towell,Walmart,WM,FENDI BD / familia FENDI en Walmart,7501897813184,101285354,7501897813184,Toalla Mb Fendi Rosa,Venta,pieza (provisional; la tabla no contiene columna Unidad),2025-10,7384.0,False,False,cierre julio 2026 indicado por nombre del archivo; estado por fila no disponible,Estadistica Todas las Cadenas Cierre de Julio 2026.xlsx,BAASE,6178,V6178,e77362decaf716d534afe3273089eca7340f7127e07492a075cd7c5c21a20f9a,2024=Base del cierre 2024; 2025-2026=BAASE del cierre julio 2026; solo Walmart + familia FENDI.
Towell,Walmart,WM,FENDI BD / familia FENDI en Walmart,7501897813184,101285354,7501897813184,Toalla Mb Fendi Rosa,Venta,pieza (provisional; la tabla no contiene columna Unidad),2025-11,7070.0,False,False,cierre julio 2026 indicado por nombre del archivo; estado por fila no disponible,Estadistica Todas las Cadenas Cierre de Julio 2026.xlsx,BAASE,6797,V6797,9d1991cfe3396f8315591d0ca5296ea7954cd880cc141b0d8fcbcdc4cc7f6ea9,2024=Base del cierre 2024; 2025-2026=BAASE del cierre julio 2026; solo Walmart + familia FENDI.
Towell,Walmart,WM,FENDI BD / familia FENDI en Walmart,7501897813184,101285354,7501897813184,Toalla Mb Fendi Rosa,Venta,pieza (provisional; la tabla no contiene columna Unidad),2025-12,12933.0,False,False,cierre julio 2026 indicado por nombre del archivo; estado por fila no disponible,Estadistica Todas las Cadenas Cierre de Julio 2026.xlsx,BAASE,7416,V7416,be82e88610d04692dc53b94e516f1f349ebf6dd34aebfd5fd508838d0793430d,2024=Base del cierre 2024; 2025-2026=BAASE del cierre julio 2026; solo Walmart + familia FENDI.
Towell,Walmart,WM,FENDI BD / familia FENDI en Walmart,7501897813184,101285354,7501897813184,Toalla Mb Fendi Rosa,Venta,pieza (provisional; la tabla no contiene columna Unidad),2026-01,8014.0,False,False,cierre julio 2026 indicado por nombre del archivo; estado por fila no disponible,Estadistica Todas las Cadenas Cierre de Julio 2026.xlsx,BAASE,7986,V7986,61db6f2b687592fd58d437a60c2854d63704f89426831e3ca2a7830af3af41b3,2024=Base del cierre 2024; 2025-2026=BAASE del cierre julio 2026; solo Walmart + familia FENDI.
Towell,Walmart,WM,FENDI BD / familia FENDI en Walmart,7501897813184,101285354,7501897813184,Toalla Mb Fendi Rosa,Venta,pieza (provisional; la tabla no contiene columna Unidad),2026-02,6434.0,False,False,cierre julio 2026 indicado por nombre del archivo; estado por fila no disponible,Estadistica Todas las Cadenas Cierre de Julio 2026.xlsx,BAASE,8565,V8565,dda2ba9920ea9690682812186592f5bd59a83b4cf4723faab1ee26902cd43418,2024=Base del cierre 2024; 2025-2026=BAASE del cierre julio 2026; solo Walmart + familia FENDI.
Towell,Walmart,WM,FENDI BD / familia FENDI en Walmart,7501897813184,101285354,7501897813184,Toalla Mb Fendi Rosa,Venta,pieza (provisional; la tabla no contiene columna Unidad),2026-03,7073.0,False,False,cierre julio 2026 indicado por nombre del archivo; estado por fila no disponible,Estadistica Todas las Cadenas Cierre de Julio 2026.xlsx,BAASE,9144,V9144,dd2929881be821b4161208c6f405688cc0d6c9b0cf7de1ec13e9fe241dab4b4f,2024=Base del cierre 2024; 2025-2026=BAASE del cierre julio 2026; solo Walmart + familia FENDI.
Towell,Walmart,WM,FENDI BD / familia FENDI en Walmart,7501897813184,101285354,7501897813184,Toalla Mb Fendi Rosa,Venta,pieza (provisional; la tabla no contiene columna Unidad),2026-04,5495.0,False,False,cierre julio 2026 indicado por nombre del archivo; estado por fila no disponible,Estadistica Todas las Cadenas Cierre de Julio 2026.xlsx,BAASE,9723,V9723,92ab1efe0f68ba8fc0eace8fc22bc16e9250d0734dafdccdb57bf42dd4451621,2024=Base del cierre 2024; 2025-2026=BAASE del cierre julio 2026; solo Walmart + familia FENDI.
Towell,Walmart,WM,FENDI BD / familia FENDI en Walmart,7501897813184,101285354,7501897813184,Toalla Mb Fendi Rosa,Venta,pieza (provisional; la tabla no contiene columna Unidad),2026-05,5028.0,False,False,cierre julio 2026 indicado por nombre del archivo; estado por fila no disponible,Estadistica Todas las Cadenas Cierre de Julio 2026.xlsx,BAASE,10302,V10302,3177d8256d799791c7236281530446211b65e6239d5b1794851ed37e0c382f5c,2024=Base del cierre 2024; 2025-2026=BAASE del cierre julio 2026; solo Walmart + familia FENDI.
Towell,Walmart,WM,FENDI BD / familia FENDI en Walmart,7501897813184,101285354,7501897813184,Toalla Mb Fendi Rosa,Venta,pieza (provisional; la tabla no contiene columna Unidad),2026-06,6173.0,False,False,cierre julio 2026 indicado por nombre del archivo; estado por fila no disponible,Estadistica Todas las Cadenas Cierre de Julio 2026.xlsx,BAASE,10881,V10881,97627f5d7fe4a98aca9d1397f45130885925ad5b1db8849a751702e4f9bf4909,2024=Base del cierre 2024; 2025-2026=BAASE del cierre julio 2026; solo Walmart + familia FENDI.
Towell,Walmart,WM,FENDI BD / familia FENDI en Walmart,7501897813184,101285354,7501897813184,Toalla Mb Fendi Rosa,Venta,pieza (provisional; la tabla no contiene columna Unidad),2026-07,4988.0,False,False,cierre julio 2026 indicado por nombre del archivo; estado por fila no disponible,Estadistica Todas las Cadenas Cierre de Julio 2026.xlsx,BAASE,11460,V11460,c5579295b0677117f9d8de255e32c4241be9af74de408c5201b04fd9c30579a6,2024=Base del cierre 2024; 2025-2026=BAASE del cierre julio 2026; solo Walmart + familia FENDI.
Towell,Walmart,WM,FENDI BD / familia FENDI en Walmart,7501897813191,101285356,7501897813191,TOALLA MB FENDI ROJO,Venta,eaches/piezas (provisional por encabezado; confirmar unidad oficial),2024-01,0.0,True,False,no documentado en fuente,Estadistica Venta Resurtible WM 2024 Dic 2024.xlsx,Base,114,H114,99126524f2112f86ed6dfed56a84dbc5887d95721fe423a1ec8df8041cae53a4,2024=Base del cierre 2024; 2025-2026=BAASE del cierre julio 2026; solo Walmart + familia FENDI.
Towell,Walmart,WM,FENDI BD / familia FENDI en Walmart,7501897813191,101285356,7501897813191,TOALLA MB FENDI ROJO,Venta,eaches/piezas (provisional por encabezado; confirmar unidad oficial),2024-02,0.0,True,False,no documentado en fuente,Estadistica Venta Resurtible WM 2024 Dic 2024.xlsx,Base,114,M114,3f606ecb5a86b3d34c65d9ab07036ac86e23e987d5d057c6e6087690eada43c7,2024=Base del cierre 2024; 2025-2026=BAASE del cierre julio 2026; solo Walmart + familia FENDI.
Towell,Walmart,WM,FENDI BD / familia FENDI en Walmart,7501897813191,101285356,7501897813191,TOALLA MB FENDI ROJO,Venta,eaches/piezas (provisional por encabezado; confirmar unidad oficial),2024-03,0.0,True,False,no documentado en fuente,Estadistica Venta Resurtible WM 2024 Dic 2024.xlsx,Base,114,R114,e8aa5efe13afc75aa1e7e0e8904cbcb40718e730fa9c5d3a9b9eeb2203609303,2024=Base del cierre 2024; 2025-2026=BAASE del cierre julio 2026; solo Walmart + familia FENDI.
Towell,Walmart,WM,FENDI BD / familia FENDI en Walmart,7501897813191,101285356,7501897813191,TOALLA MB FENDI ROJO,Venta,eaches/piezas (provisional por encabezado; confirmar unidad oficial),2024-04,0.0,True,False,no documentado en fuente,Estadistica Venta Resurtible WM 2024 Dic 2024.xlsx,Base,114,W114,e760b5f10dfcb2e8eb4482a153011262ea119b152b81417f41b2ee7ae6643d45,2024=Base del cierre 2024; 2025-2026=BAASE del cierre julio 2026; solo Walmart + familia FENDI.
Towell,Walmart,WM,FENDI BD / familia FENDI en Walmart,7501897813191,101285356,7501897813191,TOALLA MB FENDI ROJO,Venta,eaches/piezas (provisional por encabezado; confirmar unidad oficial),2024-05,0.0,True,False,no documentado en fuente,Estadistica Venta Resurtible WM 2024 Dic 2024.xlsx,Base,114,AB114,bb90fd28f531609edbe6467f59516da617974568a403b897a1d84f0d7c495120,2024=Base del cierre 2024; 2025-2026=BAASE del cierre julio 2026; solo Walmart + familia FENDI.
Towell,Walmart,WM,FENDI BD / familia FENDI en Walmart,7501897813191,101285356,7501897813191,TOALLA MB FENDI ROJO,Venta,eaches/piezas (provisional por encabezado; confirmar unidad oficial),2024-06,0.0,True,False,no documentado en fuente,Estadistica Venta Resurtible WM 2024 Dic 2024.xlsx,Base,114,AG114,095f6e11ec263215d80c6ff778fc27b86477506e4fbc2330463008504e530113,2024=Base del cierre 2024; 2025-2026=BAASE del cierre julio 2026; solo Walmart + familia FENDI.
Towell,Walmart,WM,FENDI BD / familia FENDI en Walmart,7501897813191,101285356,7501897813191,TOALLA MB FENDI ROJO,Venta,eaches/piezas (provisional por encabezado; confirmar unidad oficial),2024-07,0.0,True,False,no documentado en fuente,Estadistica Venta Resurtible WM 2024 Dic 2024.xlsx,Base,114,AL114,81f3357b86e38e362ce37babaa414e126c8fba72f4d9ee26f4245b7da499ce06,2024=Base del cierre 2024; 2025-2026=BAASE del cierre julio 2026; solo Walmart + familia FENDI.
Towell,Walmart,WM,FENDI BD / familia FENDI en Walmart,7501897813191,101285356,7501897813191,TOALLA MB FENDI ROJO,Venta,eaches/piezas (provisional por encabezado; confirmar unidad oficial),2024-08,0.0,True,False,no documentado en fuente,Estadistica Venta Resurtible WM 2024 Dic 2024.xlsx,Base,114,AQ114,4e3e88f87544a2a3473e771c8dbf7d23e4c1dc849b22da8e1fa1ed038c0298dd,2024=Base del cierre 2024; 2025-2026=BAASE del cierre julio 2026; solo Walmart + familia FENDI.
Towell,Walmart,WM,FENDI BD / familia FENDI en Walmart,7501897813191,101285356,7501897813191,TOALLA MB FENDI ROJO,Venta,eaches/piezas (provisional por encabezado; confirmar unidad oficial),2024-09,1.0,False,False,no documentado en fuente,Estadistica Venta Resurtible WM 2024 Dic 2024.xlsx,Base,114,AV114,c9658f1ee0e5b1527bc61c4283cef9366ae05ed60879ca37d375231733152587,2024=Base del cierre 2024; 2025-2026=BAASE del cierre julio 2026; solo Walmart + familia FENDI.
Towell,Walmart,WM,FENDI BD / familia FENDI en Walmart,7501897813191,101285356,7501897813191,TOALLA MB FENDI ROJO,Venta,eaches/piezas (provisional por encabezado; confirmar unidad oficial),2024-10,1679.0,False,False,no documentado en fuente,Estadistica Venta Resurtible WM 2024 Dic 2024.xlsx,Base,114,BA114,f961b6099d8df6adf212e8f0e3c4a8da5df20aa9749fb0567d80db98be1ec5d2,2024=Base del cierre 2024; 2025-2026=BAASE del cierre julio 2026; solo Walmart + familia FENDI.
Towell,Walmart,WM,FENDI BD / familia FENDI en Walmart,7501897813191,101285356,7501897813191,TOALLA MB FENDI ROJO,Venta,eaches/piezas (provisional por encabezado; confirmar unidad oficial),2024-11,3995.0,False,False,no documentado en fuente,Estadistica Venta Resurtible WM 2024 Dic 2024.xlsx,Base,114,BF114,3d3c1f5e28b1f75f572f1fba390b270ebbaf3299f212da33992b4cca37a983aa,2024=Base del cierre 2024; 2025-2026=BAASE del cierre julio 2026; solo Walmart + familia FENDI.
Towell,Walmart,WM,FENDI BD / familia FENDI en Walmart,7501897813191,101285356,7501897813191,TOALLA MB FENDI ROJO,Venta,eaches/piezas (provisional por encabezado; confirmar unidad oficial),2024-12,5456.0,False,False,no documentado en fuente,Estadistica Venta Resurtible WM 2024 Dic 2024.xlsx,Base,114,BK114,abfc9f97df375c5c1942c01b8e87f24869f32ed212e822af6fb9c2d726efad44,2024=Base del cierre 2024; 2025-2026=BAASE del cierre julio 2026; solo Walmart + familia FENDI.
Towell,Walmart,WM,FENDI BD / familia FENDI en Walmart,7501897813191,101285356,7501897813191,Toalla Mb Fendi Rojo,Venta,pieza (provisional; la tabla no contiene columna Unidad),2025-01,6484.0,False,False,cierre julio 2026 indicado por nombre del archivo; estado por fila no disponible,Estadistica Todas las Cadenas Cierre de Julio 2026.xlsx,BAASE,597,V597,0f89ea37a1483b27edb38f1a4c96b80d78e73869acde587b62a166d066f06722,2024=Base del cierre 2024; 2025-2026=BAASE del cierre julio 2026; solo Walmart + familia FENDI.
Towell,Walmart,WM,FENDI BD / familia FENDI en Walmart,7501897813191,101285356,7501897813191,Toalla Mb Fendi Rojo,Venta,pieza (provisional; la tabla no contiene columna Unidad),2025-02,4883.0,False,False,cierre julio 2026 indicado por nombre del archivo; estado por fila no disponible,Estadistica Todas las Cadenas Cierre de Julio 2026.xlsx,BAASE,1218,V1218,e5018c257396946816c7ba771e6e38010b64b212971e36b47b01e3afddcd8365,2024=Base del cierre 2024; 2025-2026=BAASE del cierre julio 2026; solo Walmart + familia FENDI.
Towell,Walmart,WM,FENDI BD / familia FENDI en Walmart,7501897813191,101285356,7501897813191,Toalla Mb Fendi Rojo,Venta,pieza (provisional; la tabla no contiene columna Unidad),2025-03,7617.0,False,False,cierre julio 2026 indicado por nombre del archivo; estado por fila no disponible,Estadistica Todas las Cadenas Cierre de Julio 2026.xlsx,BAASE,1840,V1840,7d700b105f872378b8ffecdbbfd27c97a8b8962c7672936e9cdf685bdcc42465,2024=Base del cierre 2024; 2025-2026=BAASE del cierre julio 2026; solo Walmart + familia FENDI.
Towell,Walmart,WM,FENDI BD / familia FENDI en Walmart,7501897813191,101285356,7501897813191,Toalla Mb Fendi Rojo,Venta,pieza (provisional; la tabla no contiene columna Unidad),2025-04,7793.0,False,False,cierre julio 2026 indicado por nombre del archivo; estado por fila no disponible,Estadistica Todas las Cadenas Cierre de Julio 2026.xlsx,BAASE,2459,V2459,0ba4733b85463dd4c6e020bb791655752f74e540bbb1b58fc46d5ebe3423f2bc,2024=Base del cierre 2024; 2025-2026=BAASE del cierre julio 2026; solo Walmart + familia FENDI.
Towell,Walmart,WM,FENDI BD / familia FENDI en Walmart,7501897813191,101285356,7501897813191,Toalla Mb Fendi Rojo,Venta,pieza (provisional; la tabla no contiene columna Unidad),2025-05,6359.0,False,False,cierre julio 2026 indicado por nombre del archivo; estado por fila no disponible,Estadistica Todas las Cadenas Cierre de Julio 2026.xlsx,BAASE,3078,V3078,b7f69be9f672b24fd2c31c9a1c72f7bf47721cf51327527e9570dbf8e10f2e13,2024=Base del cierre 2024; 2025-2026=BAASE del cierre julio 2026; solo Walmart + familia FENDI.
Towell,Walmart,WM,FENDI BD / familia FENDI en Walmart,7501897813191,101285356,7501897813191,Toalla Mb Fendi Rojo,Venta,pieza (provisional; la tabla no contiene columna Unidad),2025-06,9405.0,False,False,cierre julio 2026 indicado por nombre del archivo; estado por fila no disponible,Estadistica Todas las Cadenas Cierre de Julio 2026.xlsx,BAASE,3700,V3700,9ef8cc58ad255949fb57f9244ab842ffea80ccda38ff3ce334ba622ea0328fd3,2024=Base del cierre 2024; 2025-2026=BAASE del cierre julio 2026; solo Walmart + familia FENDI.
Towell,Walmart,WM,FENDI BD / familia FENDI en Walmart,7501897813191,101285356,7501897813191,Toalla Mb Fendi Rojo,Venta,pieza (provisional; la tabla no contiene columna Unidad),2025-07,8457.0,False,False,cierre julio 2026 indicado por nombre del archivo; estado por fila no disponible,Estadistica Todas las Cadenas Cierre de Julio 2026.xlsx,BAASE,4322,V4322,949ab1aab29ba56e6aadf51bc50be9385f77231c517abba7df4b7b3a1c615883,2024=Base del cierre 2024; 2025-2026=BAASE del cierre julio 2026; solo Walmart + familia FENDI.
Towell,Walmart,WM,FENDI BD / familia FENDI en Walmart,7501897813191,101285356,7501897813191,Toalla Mb Fendi Rojo,Venta,pieza (provisional; la tabla no contiene columna Unidad),2025-08,7226.0,False,False,cierre julio 2026 indicado por nombre del archivo; estado por fila no disponible,Estadistica Todas las Cadenas Cierre de Julio 2026.xlsx,BAASE,4941,V4941,ce0e81ae884f982400c5cd460186a0b09de63231caa419c1c5d0f56a3569d8f2,2024=Base del cierre 2024; 2025-2026=BAASE del cierre julio 2026; solo Walmart + familia FENDI.
Towell,Walmart,WM,FENDI BD / familia FENDI en Walmart,7501897813191,101285356,7501897813191,Toalla Mb Fendi Rojo,Venta,pieza (provisional; la tabla no contiene columna Unidad),2025-09,8272.0,False,False,cierre julio 2026 indicado por nombre del archivo; estado por fila no disponible,Estadistica Todas las Cadenas Cierre de Julio 2026.xlsx,BAASE,5560,V5560,4253dc2975e6b581d5374bd3069230c7ae8f7c7966df801107d3a36fbceb1282,2024=Base del cierre 2024; 2025-2026=BAASE del cierre julio 2026; solo Walmart + familia FENDI.
Towell,Walmart,WM,FENDI BD / familia FENDI en Walmart,7501897813191,101285356,7501897813191,Toalla Mb Fendi Rojo,Venta,pieza (provisional; la tabla no contiene columna Unidad),2025-10,6641.0,False,False,cierre julio 2026 indicado por nombre del archivo; estado por fila no disponible,Estadistica Todas las Cadenas Cierre de Julio 2026.xlsx,BAASE,6179,V6179,dec9b695438a8ed6dbe0688f26fcfe68e9ff8512ff2e7f0e5ec4ff83a0c20ded,2024=Base del cierre 2024; 2025-2026=BAASE del cierre julio 2026; solo Walmart + familia FENDI.
Towell,Walmart,WM,FENDI BD / familia FENDI en Walmart,7501897813191,101285356,7501897813191,Toalla Mb Fendi Rojo,Venta,pieza (provisional; la tabla no contiene columna Unidad),2025-11,7019.0,False,False,cierre julio 2026 indicado por nombre del archivo; estado por fila no disponible,Estadistica Todas las Cadenas Cierre de Julio 2026.xlsx,BAASE,6798,V6798,f23cfc714cadb3e1050682fc41c971d853369b597620a91825bd4eefb1cd9a25,2024=Base del cierre 2024; 2025-2026=BAASE del cierre julio 2026; solo Walmart + familia FENDI.
Towell,Walmart,WM,FENDI BD / familia FENDI en Walmart,7501897813191,101285356,7501897813191,Toalla Mb Fendi Rojo,Venta,pieza (provisional; la tabla no contiene columna Unidad),2025-12,12857.0,False,False,cierre julio 2026 indicado por nombre del archivo; estado por fila no disponible,Estadistica Todas las Cadenas Cierre de Julio 2026.xlsx,BAASE,7417,V7417,078aabfef94090eb51f540f198de2fa07a1da183e5906845de41bac28ba1f8ad,2024=Base del cierre 2024; 2025-2026=BAASE del cierre julio 2026; solo Walmart + familia FENDI.
Towell,Walmart,WM,FENDI BD / familia FENDI en Walmart,7501897813191,101285356,7501897813191,Toalla Mb Fendi Rojo,Venta,pieza (provisional; la tabla no contiene columna Unidad),2026-01,9122.0,False,False,cierre julio 2026 indicado por nombre del archivo; estado por fila no disponible,Estadistica Todas las Cadenas Cierre de Julio 2026.xlsx,BAASE,7987,V7987,54468c78dbf708caf35f3b432bcaeda172571c1e7ba64c7ce75fbaacb9b91c7e,2024=Base del cierre 2024; 2025-2026=BAASE del cierre julio 2026; solo Walmart + familia FENDI.
Towell,Walmart,WM,FENDI BD / familia FENDI en Walmart,7501897813191,101285356,7501897813191,Toalla Mb Fendi Rojo,Venta,pieza (provisional; la tabla no contiene columna Unidad),2026-02,9299.0,False,False,cierre julio 2026 indicado por nombre del archivo; estado por fila no disponible,Estadistica Todas las Cadenas Cierre de Julio 2026.xlsx,BAASE,8566,V8566,e25d95a084a1a7eb43786487fde4f3217432d2ff76bde41f4371fa417c48d44c,2024=Base del cierre 2024; 2025-2026=BAASE del cierre julio 2026; solo Walmart + familia FENDI.
Towell,Walmart,WM,FENDI BD / familia FENDI en Walmart,7501897813191,101285356,7501897813191,Toalla Mb Fendi Rojo,Venta,pieza (provisional; la tabla no contiene columna Unidad),2026-03,12350.0,False,False,cierre julio 2026 indicado por nombre del archivo; estado por fila no disponible,Estadistica Todas las Cadenas Cierre de Julio 2026.xlsx,BAASE,9145,V9145,1e3377e77b7805d76b0fee06e68d9378d78fd7e7e4ac6b85d264255ee2c8b77b,2024=Base del cierre 2024; 2025-2026=BAASE del cierre julio 2026; solo Walmart + familia FENDI.
Towell,Walmart,WM,FENDI BD / familia FENDI en Walmart,7501897813191,101285356,7501897813191,Toalla Mb Fendi Rojo,Venta,pieza (provisional; la tabla no contiene columna Unidad),2026-04,9533.0,False,False,cierre julio 2026 indicado por nombre del archivo; estado por fila no disponible,Estadistica Todas las Cadenas Cierre de Julio 2026.xlsx,BAASE,9724,V9724,294eae3d4395e4992ac63e15fe4f0344b2281df280907036060d4d1f00cf2f63,2024=Base del cierre 2024; 2025-2026=BAASE del cierre julio 2026; solo Walmart + familia FENDI.
Towell,Walmart,WM,FENDI BD / familia FENDI en Walmart,7501897813191,101285356,7501897813191,Toalla Mb Fendi Rojo,Venta,pieza (provisional; la tabla no contiene columna Unidad),2026-05,8775.0,False,False,cierre julio 2026 indicado por nombre del archivo; estado por fila no disponible,Estadistica Todas las Cadenas Cierre de Julio 2026.xlsx,BAASE,10303,V10303,ce8808227af98c14083c4cf306c1eb0f8450b15c22619b2ff1745efd2f32ac2b,2024=Base del cierre 2024; 2025-2026=BAASE del cierre julio 2026; solo Walmart + familia FENDI.
Towell,Walmart,WM,FENDI BD / familia FENDI en Walmart,7501897813191,101285356,7501897813191,Toalla Mb Fendi Rojo,Venta,pieza (provisional; la tabla no contiene columna Unidad),2026-06,11067.0,False,False,cierre julio 2026 indicado por nombre del archivo; estado por fila no disponible,Estadistica Todas las Cadenas Cierre de Julio 2026.xlsx,BAASE,10882,V10882,dd9875760847c614b49e6c8106e13104a7937318208ae30b06a32ba48f98646d,2024=Base del cierre 2024; 2025-2026=BAASE del cierre julio 2026; solo Walmart + familia FENDI.
Towell,Walmart,WM,FENDI BD / familia FENDI en Walmart,7501897813191,101285356,7501897813191,Toalla Mb Fendi Rojo,Venta,pieza (provisional; la tabla no contiene columna Unidad),2026-07,8962.0,False,False,cierre julio 2026 indicado por nombre del archivo; estado por fila no disponible,Estadistica Todas las Cadenas Cierre de Julio 2026.xlsx,BAASE,11461,V11461,5cf2767781a326496af15115cec932e3ab20dae9f5e6f6ef4476b2e63628edd4,2024=Base del cierre 2024; 2025-2026=BAASE del cierre julio 2026; solo Walmart + familia FENDI.
Towell,Walmart,WM,FENDI BD / familia FENDI en Walmart,7501897816260,101558813,7501897816260,Toalla Mb Fendi Negro,Venta,pieza (provisional; la tabla no contiene columna Unidad),2026-01,0.0,True,False,cierre julio 2026 indicado por nombre del archivo; estado por fila no disponible,Estadistica Todas las Cadenas Cierre de Julio 2026.xlsx,BAASE,7989,V7989,e77d796edadbac962f755407249e178e7d93fdc3d443007e6fb35fd51de12259,2024=Base del cierre 2024; 2025-2026=BAASE del cierre julio 2026; solo Walmart + familia FENDI.
Towell,Walmart,WM,FENDI BD / familia FENDI en Walmart,7501897816260,101558813,7501897816260,Toalla Mb Fendi Negro,Venta,pieza (provisional; la tabla no contiene columna Unidad),2026-02,0.0,True,False,cierre julio 2026 indicado por nombre del archivo; estado por fila no disponible,Estadistica Todas las Cadenas Cierre de Julio 2026.xlsx,BAASE,8568,V8568,aca1aaff145707f7445f1245791eccf3477ea3519d80156162457e7999353be9,2024=Base del cierre 2024; 2025-2026=BAASE del cierre julio 2026; solo Walmart + familia FENDI.
Towell,Walmart,WM,FENDI BD / familia FENDI en Walmart,7501897816260,101558813,7501897816260,Toalla Mb Fendi Negro,Venta,pieza (provisional; la tabla no contiene columna Unidad),2026-03,2015.0,False,False,cierre julio 2026 indicado por nombre del archivo; estado por fila no disponible,Estadistica Todas las Cadenas Cierre de Julio 2026.xlsx,BAASE,9147,V9147,9559e5db2e94a1722600cb13eef045653d2e5cbbc8493ba837ce4fc850fc83c4,2024=Base del cierre 2024; 2025-2026=BAASE del cierre julio 2026; solo Walmart + familia FENDI.
Towell,Walmart,WM,FENDI BD / familia FENDI en Walmart,7501897816260,101558813,7501897816260,Toalla Mb Fendi Negro,Venta,pieza (provisional; la tabla no contiene columna Unidad),2026-04,6539.0,False,False,cierre julio 2026 indicado por nombre del archivo; estado por fila no disponible,Estadistica Todas las Cadenas Cierre de Julio 2026.xlsx,BAASE,9726,V9726,23dfe8e10d668827d7fa46b03b3eaa1e7c0fccb258a9682e2f0b92bcd9d4af55,2024=Base del cierre 2024; 2025-2026=BAASE del cierre julio 2026; solo Walmart + familia FENDI.
Towell,Walmart,WM,FENDI BD / familia FENDI en Walmart,7501897816260,101558813,7501897816260,Toalla Mb Fendi Negro,Venta,pieza (provisional; la tabla no contiene columna Unidad),2026-05,7557.0,False,False,cierre julio 2026 indicado por nombre del archivo; estado por fila no disponible,Estadistica Todas las Cadenas Cierre de Julio 2026.xlsx,BAASE,10305,V10305,0e8e2b0a0d7cb3ff08db58b1e0c3d856a8c0c28585501f7bf2eeb8e9858939d1,2024=Base del cierre 2024; 2025-2026=BAASE del cierre julio 2026; solo Walmart + familia FENDI.
Towell,Walmart,WM,FENDI BD / familia FENDI en Walmart,7501897816260,101558813,7501897816260,Toalla Mb Fendi Negro,Venta,pieza (provisional; la tabla no contiene columna Unidad),2026-06,11887.0,False,False,cierre julio 2026 indicado por nombre del archivo; estado por fila no disponible,Estadistica Todas las Cadenas Cierre de Julio 2026.xlsx,BAASE,10884,V10884,a2bd60da7d35721b87e113e8d066e3f2fda28dd7f8e62285c544d20f801d1ebc,2024=Base del cierre 2024; 2025-2026=BAASE del cierre julio 2026; solo Walmart + familia FENDI.
Towell,Walmart,WM,FENDI BD / familia FENDI en Walmart,7501897816260,101558813,7501897816260,Toalla Mb Fendi Negro,Venta,pieza (provisional; la tabla no contiene columna Unidad),2026-07,10218.0,False,False,cierre julio 2026 indicado por nombre del archivo; estado por fila no disponible,Estadistica Todas las Cadenas Cierre de Julio 2026.xlsx,BAASE,11463,V11463,a4710216ec8f202e4459d6325682e955bd8abda82f9e9b5fe927753ef7a5dedb,2024=Base del cierre 2024; 2025-2026=BAASE del cierre julio 2026; solo Walmart + familia FENDI.
Towell,Walmart,WM,FENDI BD / familia FENDI en Walmart,7501897816277,101558815,7501897816277,Toalla Mb Fendi Navidad,Venta,pieza (provisional; la tabla no contiene columna Unidad),2026-01,0.0,True,False,cierre julio 2026 indicado por nombre del archivo; estado por fila no disponible,Estadistica Todas las Cadenas Cierre de Julio 2026.xlsx,BAASE,7990,V7990,489acb4e735c904013db97e2b1ac9eed81b48c35b58b1528f705f180e9575c1a,2024=Base del cierre 2024; 2025-2026=BAASE del cierre julio 2026; solo Walmart + familia FENDI.
Towell,Walmart,WM,FENDI BD / familia FENDI en Walmart,7501897816277,101558815,7501897816277,Toalla Mb Fendi Navidad,Venta,pieza (provisional; la tabla no contiene columna Unidad),2026-02,0.0,True,False,cierre julio 2026 indicado por nombre del archivo; estado por fila no disponible,Estadistica Todas las Cadenas Cierre de Julio 2026.xlsx,BAASE,8569,V8569,9a920bb2f11cee1d1a0626646b3406fea4f19ea534da69a97bbcb121956ed301,2024=Base del cierre 2024; 2025-2026=BAASE del cierre julio 2026; solo Walmart + familia FENDI.
Towell,Walmart,WM,FENDI BD / familia FENDI en Walmart,7501897816277,101558815,7501897816277,Toalla Mb Fendi Navidad,Venta,pieza (provisional; la tabla no contiene columna Unidad),2026-03,1511.0,False,False,cierre julio 2026 indicado por nombre del archivo; estado por fila no disponible,Estadistica Todas las Cadenas Cierre de Julio 2026.xlsx,BAASE,9148,V9148,94cb212bfc4733cb32a7cb386daaadd54399838a871ed7c2b920008c1c38b9b8,2024=Base del cierre 2024; 2025-2026=BAASE del cierre julio 2026; solo Walmart + familia FENDI.
Towell,Walmart,WM,FENDI BD / familia FENDI en Walmart,7501897816277,101558815,7501897816277,Toalla Mb Fendi Navidad,Venta,pieza (provisional; la tabla no contiene columna Unidad),2026-04,3855.0,False,False,cierre julio 2026 indicado por nombre del archivo; estado por fila no disponible,Estadistica Todas las Cadenas Cierre de Julio 2026.xlsx,BAASE,9727,V9727,d1089599fc528f69a9d9421f97f50029b3695d6a52cfa188f3661cbb4e9d71c1,2024=Base del cierre 2024; 2025-2026=BAASE del cierre julio 2026; solo Walmart + familia FENDI.
Towell,Walmart,WM,FENDI BD / familia FENDI en Walmart,7501897816277,101558815,7501897816277,Toalla Mb Fendi Navidad,Venta,pieza (provisional; la tabla no contiene columna Unidad),2026-05,4430.0,False,False,cierre julio 2026 indicado por nombre del archivo; estado por fila no disponible,Estadistica Todas las Cadenas Cierre de Julio 2026.xlsx,BAASE,10306,V10306,0713238d58b5bb95d28eb5fbde20a24e010482de0c7465d434808e4b93dd4d08,2024=Base del cierre 2024; 2025-2026=BAASE del cierre julio 2026; solo Walmart + familia FENDI.
Towell,Walmart,WM,FENDI BD / familia FENDI en Walmart,7501897816277,101558815,7501897816277,Toalla Mb Fendi Navidad,Venta,pieza (provisional; la tabla no contiene columna Unidad),2026-06,7373.0,False,False,cierre julio 2026 indicado por nombre del archivo; estado por fila no disponible,Estadistica Todas las Cadenas Cierre de Julio 2026.xlsx,BAASE,10885,V10885,429508e832580d7e47bc6fa715496b4f725f80d03e3ca6b6950e29c1427cf9d3,2024=Base del cierre 2024; 2025-2026=BAASE del cierre julio 2026; solo Walmart + familia FENDI.
Towell,Walmart,WM,FENDI BD / familia FENDI en Walmart,7501897816277,101558815,7501897816277,Toalla Mb Fendi Navidad,Venta,pieza (provisional; la tabla no contiene columna Unidad),2026-07,6330.0,False,False,cierre julio 2026 indicado por nombre del archivo; estado por fila no disponible,Estadistica Todas las Cadenas Cierre de Julio 2026.xlsx,BAASE,11464,V11464,9a6f515dd232c788c5275d631277e038c3e8be433ca6b3b3efbb2483e2d751cd,2024=Base del cierre 2024; 2025-2026=BAASE del cierre julio 2026; solo Walmart + familia FENDI.
Towell,Walmart,WM,FENDI BD / familia FENDI en Walmart,7501897816314,101558814,7501897816314,Toalla Mb Fendi Oxford,Venta,pieza (provisional; la tabla no contiene columna Unidad),2026-01,0.0,True,False,cierre julio 2026 indicado por nombre del archivo; estado por fila no disponible,Estadistica Todas las Cadenas Cierre de Julio 2026.xlsx,BAASE,7988,V7988,5d0d125679afc0f196ecabbefc94007f99ae79e102511c9608e1b296ab608e91,2024=Base del cierre 2024; 2025-2026=BAASE del cierre julio 2026; solo Walmart + familia FENDI.
Towell,Walmart,WM,FENDI BD / familia FENDI en Walmart,7501897816314,101558814,7501897816314,Toalla Mb Fendi Oxford,Venta,pieza (provisional; la tabla no contiene columna Unidad),2026-02,0.0,True,False,cierre julio 2026 indicado por nombre del archivo; estado por fila no disponible,Estadistica Todas las Cadenas Cierre de Julio 2026.xlsx,BAASE,8567,V8567,c06ceaeeed5d0080ba2627f18a4e5e18ec8cfe2a5db4cfa8e3a13eb704c189f4,2024=Base del cierre 2024; 2025-2026=BAASE del cierre julio 2026; solo Walmart + familia FENDI.
Towell,Walmart,WM,FENDI BD / familia FENDI en Walmart,7501897816314,101558814,7501897816314,Toalla Mb Fendi Oxford,Venta,pieza (provisional; la tabla no contiene columna Unidad),2026-03,2573.0,False,False,cierre julio 2026 indicado por nombre del archivo; estado por fila no disponible,Estadistica Todas las Cadenas Cierre de Julio 2026.xlsx,BAASE,9146,V9146,a784a783f190791ed2c56f3d8ca85030b47e58f1400b789dba2260b4b3135a2b,2024=Base del cierre 2024; 2025-2026=BAASE del cierre julio 2026; solo Walmart + familia FENDI.
Towell,Walmart,WM,FENDI BD / familia FENDI en Walmart,7501897816314,101558814,7501897816314,Toalla Mb Fendi Oxford,Venta,pieza (provisional; la tabla no contiene columna Unidad),2026-04,5185.0,False,False,cierre julio 2026 indicado por nombre del archivo; estado por fila no disponible,Estadistica Todas las Cadenas Cierre de Julio 2026.xlsx,BAASE,9725,V9725,2e6129feeb13c7f7065b271b662e1645d9bf6f25a858d0a3e6ab5d1f878a24d0,2024=Base del cierre 2024; 2025-2026=BAASE del cierre julio 2026; solo Walmart + familia FENDI.
Towell,Walmart,WM,FENDI BD / familia FENDI en Walmart,7501897816314,101558814,7501897816314,Toalla Mb Fendi Oxford,Venta,pieza (provisional; la tabla no contiene columna Unidad),2026-05,7682.0,False,False,cierre julio 2026 indicado por nombre del archivo; estado por fila no disponible,Estadistica Todas las Cadenas Cierre de Julio 2026.xlsx,BAASE,10304,V10304,78cd2f25c8d4d7fa602ceb5dae88c6ecd7130f92a1a9649fd80ce9ae6e2038f8,2024=Base del cierre 2024; 2025-2026=BAASE del cierre julio 2026; solo Walmart + familia FENDI.
Towell,Walmart,WM,FENDI BD / familia FENDI en Walmart,7501897816314,101558814,7501897816314,Toalla Mb Fendi Oxford,Venta,pieza (provisional; la tabla no contiene columna Unidad),2026-06,12973.0,False,False,cierre julio 2026 indicado por nombre del archivo; estado por fila no disponible,Estadistica Todas las Cadenas Cierre de Julio 2026.xlsx,BAASE,10883,V10883,7c8d067139916f7f943b376a2aa235404b20aa2bbe77c69bdd28bb8f1cf275d2,2024=Base del cierre 2024; 2025-2026=BAASE del cierre julio 2026; solo Walmart + familia FENDI.
Towell,Walmart,WM,FENDI BD / familia FENDI en Walmart,7501897816314,101558814,7501897816314,Toalla Mb Fendi Oxford,Venta,pieza (provisional; la tabla no contiene columna Unidad),2026-07,11077.0,False,False,cierre julio 2026 indicado por nombre del archivo; estado por fila no disponible,Estadistica Todas las Cadenas Cierre de Julio 2026.xlsx,BAASE,11462,V11462,12e26bfe8bf716031f6a9a6dc15561101c296e221bb1837e04da41bac15b6d5b,2024=Base del cierre 2024; 2025-2026=BAASE del cierre julio 2026; solo Walmart + familia FENDI.
